source_url,source_page,unit,reason
http://pdt.iuh.edu.vn/wp-content/uploads/2021/10/MAU-02.-Don-xin-XTN_TH-qua-thoi-han-hoc-tap.pdf,https://fet.iuh.edu.vn/bieumau.html@266@Bieu-mau-sinh-vien,Khoa Công nghệ Điện tử,not_pdf
https://htsv.iuh.edu.vn/upload/files/2017/DIEM%20TRUNG%20TUYEN%20H%E1%BA%B8%20D%E1%BA%A0I%20H%E1%BB%8CC.pdf,https://htsv.iuh.edu.vn/news@166-Tra-cuu-cuu-sinh-vien.html@p=6,Trung tâm Kết nối doanh nghiệp và Giới thiệu việc làm,status_404
https://media.iuh.edu.vn//Media/1_eOffice_IUH/EOffice/ThongBao/202311/Documents/tb-1738-2023-20231115032517-e.pdf,https://th.iuh.edu.vn/thong-bao/thong-bao-ke-hoach-xet-cong-nhan-tot-nghiep-dot-thang-3-nam-2024/,Cơ sở Thanh Hóa,disallowed
https://qptc.iuh.edu.vn/upload/files/2017/Don%20xin%20chuye%CC%82%CC%89n%20die%CC%82%CC%89m.pdf,https://qptc.iuh.edu.vn/news.html@detail@165@304@Don-xin-chuyen-diem,Trung tâm Giáo dục quốc phòng và Thể chất,status_302
https://ktx.iuh.edu.vn/upload/files/2017/08/tb_125.pdf,https://ktx.iuh.edu.vn/vi/tin-tuc-thong-bao/thong-bao-diem-trung-tuyen-he-dai-hoc-chinh-quy-dot-1-nam-2017-2215.html,Phòng Quản lý Ký túc xá,duplicate_of:395d709b0651
https://rdtech.iuh.edu.vn/upload/files/huongdan/SV_HuongDanSinhVienSuDungMSTeam300521.pdf,https://rdtech.iuh.edu.vn/vi/du-an/du-an-nha-may-gach-khong-nung-653.html,Trung tâm Nghiên cứu và Phát triển công nghệ - Máy công nghiệp,status_404
http://khoahocquocte.iuh.edu.vn/upload/files/01_MT_v2.pdf,https://smia.iuh.edu.vn/news.html@detail@214@781@Lich-bao-cao-cua-chu-nhiem-de-tai-(Xet-duyet-de-tai-NCKH-cap-Truong-2016),Phòng Quản lý khoa học và hợp tác quốc tế,http_error: ConnectError
https://qptc.iuh.edu.vn/upload/files/2020/TTLT%20s%E1%BB%91%2018-2015%20BGDDT-BLDTBXH.pdf,"https://qptc.iuh.edu.vn/news.html@detail@150@360@Thong-tu-lien-tich-quy-dinh-ve-to-chuc-day,-hoc-va-danh-gia-ket-qua-hoc-tap-mon-hoc-Giao-duc-quoc-phong-an-ninh",Trung tâm Giáo dục quốc phòng và Thể chất,status_302
https://fet.iuh.edu.vn/Tuyen%20sinh%20Thac%20si%20-%20Dot%201.pdf,https://fet.iuh.edu.vn/news.html@detail@273@774@Tuyen-sinh-Thac-si-Ky-thuat-dien-tu-nam-2026-Dot-1,Khoa Công nghệ Điện tử,status_404
https://rdtech.iuh.edu.vn/upload/files/huongdan/sv_huongdankhoiphucmatkhaulms.pdf,https://rdtech.iuh.edu.vn/vi/du-an/du-an-he-thong-thong-minh-tinh-diem-tu-dong-cho-bia-ban-699.html,Trung tâm Nghiên cứu và Phát triển công nghệ - Máy công nghiệp,status_404
https://ctsv.iuh.edu.vn/upload/files/Tamnhinsumang(1).pdf,"https://ctsv.iuh.edu.vn/news.html@detail@165@570@Tam-nhin,-Su-mang,-Muc-tieu,-Gia-tri-cot-loi-,-Phuong-cham-hanh-dong,-Triet-ly-giao-duc,-Chinh-sach-chat-luong-cua-Truong-Dai-hoc-Cong-nghiep-Thanh-pho-Ho-Chi-Minh",Phòng Công tác chính trị và Hỗ trợ sinh viên,duplicate_of:c058e5b3f380
http://khoahocquocte.iuh.edu.vn/upload/files/02_CK.pdf,https://smia.iuh.edu.vn/news.html@detail@214@781@Lich-bao-cao-cua-chu-nhiem-de-tai-(Xet-duyet-de-tai-NCKH-cap-Truong-2016),Phòng Quản lý khoa học và hợp tác quốc tế,http_error: ConnectError
http://iuh.edu.vn/Resource/Upload2/files/documents/Bieumaudaotao/01_Don%20xin%20chuyen%20bac%20dao%20tao.pdf,https://qn.iuh.edu.vn/van-ban-tien-ich/bieu-mau-dao-tao/,Phân hiệu Quảng Ngãi,duplicate_of:0e6c7f21602c
https://qptc.iuh.edu.vn/upload/files/2020/Thong%20tu%20s%E1%BB%91%2005-2020-TT-BGDDT-Chuong%20trinh%20GDQP%26AN.pdf,"https://qptc.iuh.edu.vn/news.html@detail@150@359@Thong-tu-ban-hanh-Chuong-trinh-giao-duc-quoc-phong-va-an-ninh-trong-truong-trung-cap-su-pham,-cao-dang-su-pham-va-co-so-giao-duc-dai-hoc",Trung tâm Giáo dục quốc phòng và Thể chất,status_302
https://rdtech.iuh.edu.vn/upload/files/huongdan/sv_huongdankhoiphucmkemailiuh.pdf,https://rdtech.iuh.edu.vn/vi/du-an/du-an-he-thong-tuoi-tieu-tu-dong-dieu-khien-phan-tan-thong-qua-mang-khong-day-lora-700.html,Trung tâm Nghiên cứu và Phát triển công nghệ - Máy công nghiệp,status_404
http://khoahocquocte.iuh.edu.vn/upload/files/03_CNTT.pdf,https://smia.iuh.edu.vn/news.html@detail@214@781@Lich-bao-cao-cua-chu-nhiem-de-tai-(Xet-duyet-de-tai-NCKH-cap-Truong-2016),Phòng Quản lý khoa học và hợp tác quốc tế,http_error: ConnectError
https://ctsv.iuh.edu.vn/upload/files/Tamnhinsumang.pdf,"https://ctsv.iuh.edu.vn/news.html@detail@165@570@Tam-nhin,-Su-mang,-Muc-tieu,-Gia-tri-cot-loi-,-Phuong-cham-hanh-dong,-Triet-ly-giao-duc,-Chinh-sach-chat-luong-cua-Truong-Dai-hoc-Cong-nghiep-Thanh-pho-Ho-Chi-Minh",Phòng Công tác chính trị và Hỗ trợ sinh viên,duplicate_of:c058e5b3f380
https://flp.iuh.edu.vn/wp-content/uploads/2017/10/10-10-2017_15.21.5101_huong_dan_xet_hoc_bong_vuot_kho_hieu_hoc_nam_2017.pdf,https://flp.iuh.edu.vn/tin-noi-bat/xet-cap-hoc-bong-sinh-vien-vuot-kho-hieu-hoc-nam-2017/,Khoa Luật và Khoa học chính trị,duplicate_of:80afc3ac9308
https://iuh.edu.vn/Resource/Upload2/files/2025/08/QuyTrinhNhapHocTongThe.pdf,https://camnang.iuh.edu.vn/tin-tuc.php,Cẩm nang người học,status_404
http://khoahocquocte.iuh.edu.vn/upload/files/04_KT.pdf,https://smia.iuh.edu.vn/news.html@detail@214@781@Lich-bao-cao-cua-chu-nhiem-de-tai-(Xet-duyet-de-tai-NCKH-cap-Truong-2016),Phòng Quản lý khoa học và hợp tác quốc tế,http_error: ConnectError
https://fgd.iuh.edu.vn/wp-content/uploads/2018/12/huong_dan_bao_cao_thuc_tap_dn_2-_lop_cong_nghe_12-2018.pdf,https://fgd.iuh.edu.vn/bieu-mau/huong-dan-viet-bao-cao-thuc-tap-doanh-nghiep-2-cac-lop-cong-nghe-may/,Khoa Công nghệ May - Thời trang,duplicate_of:00a4e2fbf476
https://htsv.iuh.edu.vn/upload/files/2017/DN%2010/THONG%20BAO%20TUY%E1%BB%82N%20D%E1%BB%A4NG%20-%20DIGIPAY.pdf,https://htsv.iuh.edu.vn/vieclam/news.html@detail@399@Cong-ty-TNHH-DV-TM-Vien-thong-So,Trung tâm Kết nối doanh nghiệp và Giới thiệu việc làm,status_404
http://khoahocquocte.iuh.edu.vn/upload/files/05_CB.pdf,https://smia.iuh.edu.vn/news.html@detail@214@781@Lich-bao-cao-cua-chu-nhiem-de-tai-(Xet-duyet-de-tai-NCKH-cap-Truong-2016),Phòng Quản lý khoa học và hợp tác quốc tế,http_error: ConnectError
http://iuh.edu.vn/Resource/Upload2/files/2020/Ba-cong-khai/02_BieuMau_17.pdf,https://tqa.iuh.edu.vn/ba-cong-khai/ba-cong-khai-nam-hoc-2019-2020/,Phòng Khảo thí và Đảm bảo chất lượng,too_large
https://pdt.iuh.edu.vn/Uploads/225a7a6b-0bdf-4bc5-9abd-249a13286c63_1-Don-xin-chuyen-bac-dao-tao.pdf,https://pdt.iuh.edu.vn/quy-trinh-giai-quyet-hoc-vu,Phòng Đào tạo,duplicate_of:0e6c7f21602c
http://khoahocquocte.iuh.edu.vn/upload/files/2016NCKH_IUH/Thuthu_Baocao_KT_L_KHCB_GD_V2.pdf,https://smia.iuh.edu.vn/news.html@detail@214@800@Lich-bao-cao-cua-ung-vien-Chu-nhiem-de-tai-truoc-Hoi-dong-xet-duyet-de-tai-NCKH-cap-Truong-nam-2017,Phòng Quản lý khoa học và hợp tác quốc tế,http_error: ConnectError
https://fct.iuh.edu.vn/upload/01126014/files/TAI%20LI%E1%BB%86U%20H%E1%BB%8CC%20T%E1%BA%ACP%20VA%20THAM%20KH%E1%BA%A2O%20H%E1%BB%8CC%20PH%E1%BA%A6N%20QTDL.pdf,https://fct.iuh.edu.vn/giangvien@nguyenanhloi,Khoa Thương mại - Du lịch,duplicate_of:d0fe0fbee9a0
https://ibf.iuh.edu.vn/wp-content/uploads/2018/10/17-10-2018_08.35.09thong_bao_ve_viec_cap_hoc_bong_sinh_vien_vuot_kho_hieu_hoc_nam_2018.pdf,https://ibf.iuh.edu.vn/mai-bich-dung/,Viện Công nghệ Sinh học và Thực phẩm,duplicate_of:26638d1e5b3b
http://khoahocquocte.iuh.edu.vn/upload/files/2016NCKH_IUH/Thuthu_Baocao_TB_CK_XD.pdf,https://smia.iuh.edu.vn/news.html@detail@214@800@Lich-bao-cao-cua-ung-vien-Chu-nhiem-de-tai-truoc-Hoi-dong-xet-duyet-de-tai-NCKH-cap-Truong-nam-2017,Phòng Quản lý khoa học và hợp tác quốc tế,http_error: ConnectError
http://khoahocquocte.iuh.edu.vn/upload/files/2016NCKH_IUH/Thuthu_Baocao_TB_CNTT.pdf,https://smia.iuh.edu.vn/news.html@detail@214@800@Lich-bao-cao-cua-ung-vien-Chu-nhiem-de-tai-truoc-Hoi-dong-xet-duyet-de-tai-NCKH-cap-Truong-nam-2017,Phòng Quản lý khoa học và hợp tác quốc tế,http_error: ConnectError
https://fhs.iuh.edu.vn/upload/files/vanban/Hu%E1%BB%9Bng%20d%E1%BA%ABn%20thanh%20toan%20bai%20bao%20ISIScopus.pdf,https://fhs.iuh.edu.vn/vi/bieu-mau.html,Khoa Khoa học Sức khỏe,status_404
https://ktx.iuh.edu.vn/upload/files/HU%E1%BB%9ANG%20D%E1%BA%AAN%20SINH%20VIEN%20S%E1%BB%AC%20D%E1%BB%A4NG%20WIFI%20DHCN.pdf,https://ktx.iuh.edu.vn/vi/tin-tuc-thong-bao/huong-dan-sinh-vien-su-dung-wifi-dhcn-2224.html,Phòng Quản lý Ký túc xá,status_404
http://khoahocquocte.iuh.edu.vn/upload/files/2016NCKH_IUH/Thutu_Baocao_Hoa_Sinh_MT.pdf,https://smia.iuh.edu.vn/news.html@detail@214@800@Lich-bao-cao-cua-ung-vien-Chu-nhiem-de-tai-truoc-Hoi-dong-xet-duyet-de-tai-NCKH-cap-Truong-nam-2017,Phòng Quản lý khoa học và hợp tác quốc tế,http_error: ConnectError
https://flp.iuh.edu.vn/wp-content/uploads/2018/10/17-10-2018_08.35.09thong_bao_ve_viec_cap_hoc_bong_sinh_vien_vuot_kho_hieu_hoc_nam_2018.pdf,https://flp.iuh.edu.vn/tin-noi-bat/xet-cap-hoc-bong-sinh-vien-vuot-kho-hieu-hoc-nam-2018/,Khoa Luật và Khoa học chính trị,duplicate_of:26638d1e5b3b
https://ktx.iuh.edu.vn/upload/files/Hu%E1%BB%9Bng%20d%E1%BA%ABn%20dang%20ky%20n%E1%BB%99i%20tru%20nam%20h%E1%BB%8Dc%202021-2022.pdf,https://ktx.iuh.edu.vn/vi/tin-tuc-thong-bao/huong-dan-dang-ky-noi-tru-nam-hoc-2021-2022-2222.html,Phòng Quản lý Ký túc xá,status_404
http://khoahocquocte.iuh.edu.vn/upload/files/2017GS_PGS/TB_116b.pdf,"https://smia.iuh.edu.vn/news.html@detail@257@808@Chuan-bi-va-dang-ky-de-xet-cong-nhan-dat-chuan-chuc-danh-giao-su,-pho-giao-su-nam-2017",Phòng Quản lý khoa học và hợp tác quốc tế,http_error: ConnectError
https://ce.iuh.edu.vn/upload/files/03_Don-xin-chuyen-diem.pdf,https://ce.iuh.edu.vn/bieumau.html@266@Van-phong-dien-tu,Khoa Kỹ thuật Xây dựng,duplicate_of:b0b5033d4dbc
http://khoahocquocte.iuh.edu.vn/upload/files/2017GS_PGS/Thong_bao_Tap_huan-CV50_WEB.pdf,"https://smia.iuh.edu.vn/news.html@detail@257@810@Tap-huan-xet-cong-nhan-dat-chuan-chuc-danh-giao-su,-pho-giao-su-nam-2017",Phòng Quản lý khoa học và hợp tác quốc tế,http_error: ConnectError
https://htsv.iuh.edu.vn/upload/files/2017/DN%20T8/THONG%20BAO%20TUY%E1%BB%82N%20D%E1%BB%A4NG%20TAN%20THANH%202017.pdf,https://htsv.iuh.edu.vn/vieclam/news.html@detail@360@Thong-bao-tuyen-dung-cua-Cong-ty-TNHH-Dien-co-Tan-Thanh,Trung tâm Kết nối doanh nghiệp và Giới thiệu việc làm,status_404
http://khoahocquocte.iuh.edu.vn/upload/files/2017GS_PGS/Thong_bao_va_Lich_xet_2017.pdf,"https://smia.iuh.edu.vn/news.html@detail@257@802@Xet-cong-nhan-chuc-danh-giao-su,-pho-giao-su-nam-2017",Phòng Quản lý khoa học và hợp tác quốc tế,http_error: ConnectError
https://tuyensinh.iuh.edu.vn/Files_thongBao/IUH-de-an-tuyensinh-2026-dang-web.pdf,https://tuyensinh.iuh.edu.vn/deAnTS,Tuyển sinh,duplicate_of:4492037189cc
https://fme.iuh.edu.vn/wp-content/uploads/2016/11/donchuyennganh.pdf,https://fme.iuh.edu.vn/bieu-mau/bieu-mau-giai-quyet-hoc-vu-cho-sinh-vien/,Khoa Công nghệ Cơ khí,duplicate_of:f5021e77550d
http://iuh.edu.vn/Resource/Upload2/files/documents/Bieumaudaotao/08_Don%20xin%20chuyen%20truong.pdf,https://qn.iuh.edu.vn/van-ban-tien-ich/bieu-mau-dao-tao/,Phân hiệu Quảng Ngãi,duplicate_of:4f7de4fdaede
https://pdt.iuh.edu.vn/Uploads/2bb7636d-37fd-47a9-a2c6-182f6763a081_2-Don-xin-chuyen-co-so.pdf,https://pdt.iuh.edu.vn/quy-trinh-giai-quyet-hoc-vu,Phòng Đào tạo,duplicate_of:2a13f3235136
http://khoahocquocte.iuh.edu.vn/upload/files/2018Eureka/1884_BGDDT-KHCNMT.pdf,https://smia.iuh.edu.vn/news.html@detail@220@819@Giai-thuong-Sinh-vien-nghien-cuu-khoa-hoc-Nam-2018-cua-Bo-GD&DT,Phòng Quản lý khoa học và hợp tác quốc tế,http_error: ConnectError
https://tuyensinh.iuh.edu.vn/Files_thongBao/thongbaotuyensinhlienthongdot12026.pdf,https://tuyensinh.iuh.edu.vn/,Tuyển sinh,duplicate_of:d60667b9ffa2
https://fct.iuh.edu.vn/upload/files/2022/09.2022/Don%20xin%20ngh%E1%BB%89%20h%E1%BB%8Dc%20t%E1%BA%A1m%20th%E1%BB%9Di.pdf,https://fct.iuh.edu.vn/bieumau.html@266@Bieu-mau,Khoa Thương mại - Du lịch,duplicate_of:a77805ee86fb
http://iuh.edu.vn/Resource/Upload2/files/documents/Bieumaudaotao/09_Don%20xin%20xet%20tot%20nghiep%20-%20He%20nien%20che.pdf,https://qn.iuh.edu.vn/van-ban-tien-ich/bieu-mau-dao-tao/,Phân hiệu Quảng Ngãi,duplicate_of:d01f82b675cc
http://khoahocquocte.iuh.edu.vn/upload/files/2018Eureka/303_KH-BGDDT.pdf,https://smia.iuh.edu.vn/news.html@detail@220@819@Giai-thuong-Sinh-vien-nghien-cuu-khoa-hoc-Nam-2018-cua-Bo-GD&DT,Phòng Quản lý khoa học và hợp tác quốc tế,http_error: ConnectError
https://ce.iuh.edu.vn/upload/files/14_MAU%20de%20nghi%20cham%20phuc%20khao%20diem%20mon%20hoc.pdf,https://ce.iuh.edu.vn/bieumau.html@266@Van-phong-dien-tu,Khoa Kỹ thuật Xây dựng,duplicate_of:f7e54a25ae38
https://fct.iuh.edu.vn/upload/files/2022/09.2022/Don%20xin%20nh%E1%BA%ADp%20h%E1%BB%8Dc%20tr%E1%BB%9F%20l%E1%BA%A1i.pdf,https://fct.iuh.edu.vn/bieumau.html@266@Bieu-mau,Khoa Thương mại - Du lịch,duplicate_of:085690ef6486
https://iuh.edu.vn/Resource/Upload2/files/2018/10/tb_146.pdf,https://iuh.edu.vn/vi/hoc-bong/thong-bao-v-v-xet-cap-hoc-bong-sinh-vien-vuot-kho-hieu-hoc-1794.html,Trường (trang chính),duplicate_of:26638d1e5b3b
https://htsv.iuh.edu.vn/upload/files/2017/DN%20T9/FSV%20TUY%E1%BB%82N%20D%E1%BB%A4NG%202017.pdf,https://htsv.iuh.edu.vn/vieclam/news.html@detail@390@Cong-ty-TNHH-FILTRATION-SYSTEMS-VIETNAM-FSV,Trung tâm Kết nối doanh nghiệp và Giới thiệu việc làm,status_404
http://khoahocquocte.iuh.edu.vn/upload/files/2018Eureka/Eureka_cap_Truong_2018.pdf,https://smia.iuh.edu.vn/news.html@detail@220@555@Trien-khai-Giai-thuong-Sinh-vien-NCKH-Eureka-cap-Truong-nam-2018,Phòng Quản lý khoa học và hợp tác quốc tế,http_error: ConnectError
https://qn.iuh.edu.vn/uploads/2016/01/TB-hoc-bong-vuot-kho-2015.pdf,https://qn.iuh.edu.vn/hoc-bong/thong-bao-hoc-bong-vuot-kho-2015/,Phân hiệu Quảng Ngãi,duplicate_of:bafb2639ce27
http://khoahocquocte.iuh.edu.vn/upload/files/2018Khoahoc_Tre/16Thongbao_sotuyenVUKHTN_dot2_2018.pdf,https://smia.iuh.edu.vn/news.html@detail@214@820@Dang-ky-de-tai-nghien-cuu-khoa-hoc-thuoc-chuong-trinh-Vuon-uom-Khoa-hoc-Thanh-nien-dot-2-nam-2018-[Thanh-Doan-TP.-HCM],Phòng Quản lý khoa học và hợp tác quốc tế,http_error: ConnectError
http://iuh.edu.vn/Resource/Upload2/files/documents/Bieumaudaotao/11_Don%20xin%20phuc%20khao%20TN%20-%20He%20nien%20che.pdf,https://qn.iuh.edu.vn/van-ban-tien-ich/bieu-mau-dao-tao/,Phân hiệu Quảng Ngãi,duplicate_of:979803b587ec
https://tuyensinh.iuh.edu.vn/HoSoTuyenSinh/IUH_ThuGioiThieu_2026.pdf,https://tuyensinh.iuh.edu.vn/,Tuyển sinh,duplicate_of:25a891093637
https://qn.iuh.edu.vn/uploads/2016/01/tb_207.pdf,https://qn.iuh.edu.vn/thong-bao/thong-bao-ket-qua-tuyen-dung-giang-vien-dot-2-nam-hoc-2015-2016/,Phân hiệu Quảng Ngãi,duplicate_of:46efa1ec0df0
http://khoahocquocte.iuh.edu.vn/upload/files/2018NCKH/TB_141_Detai_IUH2018.pdf,https://smia.iuh.edu.vn/news.html@detail@214@809@Trien-khai-De-tai-NCKH-cap-Truong-nam-2018,Phòng Quản lý khoa học và hợp tác quốc tế,http_error: ConnectError
https://tuyensinh.iuh.edu.vn/HoSoTuyenSinh/PhuLucTBTS_01_2026.pdf,https://tuyensinh.iuh.edu.vn/,Tuyển sinh,duplicate_of:14e6bdd0cb28
https://htsv.iuh.edu.vn/upload/files/2017/HOCBONG/%5B25-10-2017_10_50_35%5Dthong_bao_nghi_tet_nguyen_dan_mau_tuat__2018.pdf,https://htsv.iuh.edu.vn/news@166-Tra-cuu-cuu-sinh-vien.html@p=4,Trung tâm Kết nối doanh nghiệp và Giới thiệu việc làm,duplicate_of:4eee524040c8
http://iuh.edu.vn/Resource/Upload2/files/documents/Bieumaudaotao/12%20_Don%20xin%20thi%20lai%20TN%20-%20He%20nien%20che.pdf,https://qn.iuh.edu.vn/van-ban-tien-ich/bieu-mau-dao-tao/,Phân hiệu Quảng Ngãi,duplicate_of:c396a3052796
http://khoahocquocte.iuh.edu.vn/upload/files/2018NCKH/TB_36.pdf,https://smia.iuh.edu.vn/news.html@detail@214@818@Dang-ky-De-tai-NCKH-cap-Truong-2018-(dot-2),Phòng Quản lý khoa học và hợp tác quốc tế,http_error: ConnectError
https://tuyensinh.iuh.edu.vn/HoSoTuyenSinh/PhuLucTBTS_02_2026.pdf,https://tuyensinh.iuh.edu.vn/,Tuyển sinh,duplicate_of:d32d8e9944d0
http://khoahocquocte.iuh.edu.vn/upload/files/2019Detai_ngoaitruong/2019/%5B19-02-2019_10_17_02%5D40_tb-skhcn_angiang-dexuatdathang.pdf,https://smia.iuh.edu.vn/news.html@detail@221@530@De-xuat-De-tai-cap-Tinh-An-Giang-va-Binh-Phuoc,Phòng Quản lý khoa học và hợp tác quốc tế,http_error: ConnectError
https://tuyensinh.iuh.edu.vn/HoSoTuyenSinh/cong-thuc-xet-tuyen-iuh-2026.pdf,https://tuyensinh.iuh.edu.vn/,Tuyển sinh,duplicate_of:bc0962c377a7
https://htsv.iuh.edu.vn/upload/files/2017/HOCBONG/Thu%20ng%E1%BB%8F%20v%E1%BB%81%20h%E1%BB%8Dc%20b%E1%BB%95ng%20cho%20sinh%20vien%20DH%20Cong%20Nghi%E1%BB%87p.pdf,https://htsv.iuh.edu.vn/news@181-Hoc-bong-Tai-tro.html@p=5,Trung tâm Kết nối doanh nghiệp và Giới thiệu việc làm,status_404
https://tuyensinh.iuh.edu.vn/QC/HDSD_Thisinh_DKXT_T72025_IUH.pdf,https://tuyensinh.iuh.edu.vn/,Tuyển sinh,duplicate_of:edf5150a21c7
http://khoahocquocte.iuh.edu.vn/upload/files/2019Detai_ngoaitruong/2019/%5B19-02-2019_10_25_27%5D66-skhcn-qlkh-dexuatnhiemvukhcnnam2020.pdf,https://smia.iuh.edu.vn/news.html@detail@221@530@De-xuat-De-tai-cap-Tinh-An-Giang-va-Binh-Phuoc,Phòng Quản lý khoa học và hợp tác quốc tế,http_error: ConnectError
http://iuh.edu.vn/Resource/Upload2/files/documents/Bieumaudaotao/14_MAU%20de%20nghi%20cham%20phuc%20khao%20diem%20mon%20hoc.pdf,https://qn.iuh.edu.vn/van-ban-tien-ich/bieu-mau-dao-tao/,Phân hiệu Quảng Ngãi,duplicate_of:f7e54a25ae38
https://qn.iuh.edu.vn/uploads/2016/04/thong_bao_dang_ky_hp_va_dong_hp_hk1_1617.pdf,https://qn.iuh.edu.vn/chuyen-muc-sinh-vien/thong-bao-dang-ky-hoc-phan-va-dong-hoc-phi-hoc-ky-1-nam-hoc-2016-2017/,Phân hiệu Quảng Ngãi,duplicate_of:72e6a5f43702
http://khoahocquocte.iuh.edu.vn/upload/files/2019Eureka/Kehoach_Eureka_2019.pdf,https://smia.iuh.edu.vn/news.html@detail@220@528@Trien-khai-Giai-thuong-Sinh-vien-NCKH-Eureka-cap-Truong-nam-2019,Phòng Quản lý khoa học và hợp tác quốc tế,http_error: ConnectError
https://tuyensinh.iuh.edu.vn/QC/TB 930.pdf,https://tuyensinh.iuh.edu.vn/quyChe,Tuyển sinh,duplicate_of:8c1639feb174
https://pdt.iuh.edu.vn/Uploads/524b586d-d5e9-4fe5-b287-2b446fbf5a9e_tb_146.pdf,https://pdt.iuh.edu.vn/hoc-bong-hoc-sinh-vuot-kho-hoc-tap-2018,Phòng Đào tạo,duplicate_of:26638d1e5b3b
http://khoahocquocte.iuh.edu.vn/upload/files/2019GS/CV_73_HDCDGSNN.pdf,"https://smia.iuh.edu.vn/news.html@detail@221@524@Lich-xet-cong-nhan-dat-tieu-chuan-chuc-danh-giao-su,-pho-giao-su-nam-2019",Phòng Quản lý khoa học và hợp tác quốc tế,http_error: ConnectError
https://tuyensinh.iuh.edu.vn/QC/iuh-quy-che-tuyen-sinh-2026.pdf,https://tuyensinh.iuh.edu.vn/quyChe,Tuyển sinh,duplicate_of:33cf55d8346e
https://fgd.iuh.edu.vn/wp-content/uploads/2021/08/SV_HuongDanSinhVienSuDungMSTeam300521.pdf,https://fgd.iuh.edu.vn/thong-bao/huong-dan-sinh-vien-su-dung-ms-teams/,Khoa Công nghệ May - Thời trang,duplicate_of:eed993b55c93
https://htsv.iuh.edu.vn/upload/files/2017/HOITHAO1/LICH%20TRINH%20PP%20H%E1%BB%8CC%20TIENG%20ANH%20DO%20THAI.pdf,https://htsv.iuh.edu.vn/news@166-Tra-cuu-cuu-sinh-vien.html@p=5,Trung tâm Kết nối doanh nghiệp và Giới thiệu việc làm,status_404
http://khoahocquocte.iuh.edu.vn/upload/files/2019GS/IUH_TB_38.pdf,"https://smia.iuh.edu.vn/news.html@detail@221@524@Lich-xet-cong-nhan-dat-tieu-chuan-chuc-danh-giao-su,-pho-giao-su-nam-2019",Phòng Quản lý khoa học và hợp tác quốc tế,http_error: ConnectError
https://tuyensinh.iuh.edu.vn/QC/iuh-thong-bao-tuyen-sinh-2026.pdf,https://tuyensinh.iuh.edu.vn/quyChe,Tuyển sinh,duplicate_of:c59450d6bdd1
https://iuh.edu.vn/Resource/Upload2/files/2021/03/tb0821-ysc.pdf,https://iuh.edu.vn/vi/nghien-cuu/thong-bao-v-v-gia-han-thoi-gian-nop-bai-bao-hoi-nghi-khoa-hoc-tre-lan-3-nam-2021-1747.html,Trường (trang chính),duplicate_of:3d95555be89a
http://khoahocquocte.iuh.edu.vn/upload/files/2019GS/QD_37_2018_QD-TTG_signed.pdf,https://smia.iuh.edu.vn/news.html@detail@257@627@Thong-tin,Phòng Quản lý khoa học và hợp tác quốc tế,http_error: ConnectError
http://iuh.edu.vn/Resource/Upload2/files/2020/Ba-cong-khai/04_BieuMau_18C_KhoaTMDL.pdf,https://tqa.iuh.edu.vn/ba-cong-khai/ba-cong-khai-nam-hoc-2019-2020/,Phòng Khảo thí và Đảm bảo chất lượng,too_large
http://khoahocquocte.iuh.edu.vn/upload/files/2020Eureka/Ke_hoach_to_chuc_eureka_2020.pdf,https://smia.iuh.edu.vn/news.html@detail@261@577@Ke-hoach-Giai-thuong-Sinh-vien-NCKH-Eureka-cap-Truong-nam-2020-,Phòng Quản lý khoa học và hợp tác quốc tế,http_error: ConnectError
https://fme.iuh.edu.vn/wp-content/uploads/2018/04/CTKCTMK13.pdf,https://fme.iuh.edu.vn/nganh-cong-nghe-che-tao-may/chuong-trinh-khung-nganh-cong-nghe-che-tao-may-khoa-13/,Khoa Công nghệ Cơ khí,duplicate_of:39c99865c2c2
http://khoahocquocte.iuh.edu.vn/upload/files/Hotro_NCKH_Thanhdoan_chuong%20trinh_NCKH_VietA.pdf,https://smia.iuh.edu.vn/news.html@detail@214@794@So-tuyen-De-tai-NCKH-thuoc-Quy-Phat-trien-Khoa-hoc-va-Cong-nghe-Viet-A-nam-2016,Phòng Quản lý khoa học và hợp tác quốc tế,http_error: ConnectError
https://faet.iuh.edu.vn/upload/files/2024_08_01-TB-888-Tuyen-sinh-thac-si-2024-2-chung.pdf,https://faet.iuh.edu.vn/news.html@detail@401@566@Thong-bao-tuyen-sinh-dao-tao-trinh-do-Thac-si-nam-2024-%E2%80%93-Dot-2,Khoa Công nghệ Động lực,duplicate_of:eeafc5fc002d
https://fme.iuh.edu.vn/wp-content/uploads/2018/05/CTK-KTCK-13.pdf,https://fme.iuh.edu.vn/nganh-cong-nghe-ky-thuat-co-khi/chuong-trinh-khung-nganh-cong-nghe-ky-thuat-co-khi-khoa-13/,Khoa Công nghệ Cơ khí,duplicate_of:24491ece0c31
https://ktx.iuh.edu.vn/upload/files/Thong%20bao%20v%E1%BB%81%20vi%E1%BB%87c%20dang%20ky%20%E1%BB%9F%20n%E1%BB%99i%20tru%20nam%20h%E1%BB%8Dc%202021-2022.pdf,https://ktx.iuh.edu.vn/vi/tin-tuc-thong-bao/thong-bao-ve-viec-dang-ky-o-noi-tru-nam-hoc-2021-2022-2221.html,Phòng Quản lý Ký túc xá,status_404
http://khoahocquocte.iuh.edu.vn/upload/files/TB_169DHCN_detai_nckh_iuh_2016.pdf,https://smia.iuh.edu.vn/news.html@detail@214@769@Dang-ky-De-tai-NCKH-cap-truong-nam-2016,Phòng Quản lý khoa học và hợp tác quốc tế,http_error: ConnectError
https://htsv.iuh.edu.vn/upload/files/5519_018.pdf,https://htsv.iuh.edu.vn/news@166-Tra-cuu-cuu-sinh-vien.html@p=4,Trung tâm Kết nối doanh nghiệp và Giới thiệu việc làm,status_404
https://sfa.iuh.edu.vn/upload/files/ACFrOgDs7wOwndDHGOEgaYDb7C_a4zNM5_BhpK7wQp3n2wEvzJtin3jzg54TB6DimOlCXYOygdaSzRCp_bEtSLldQ7B_2a-K2svjNHYcmnJ9G27pyNgtbzHixkUKe-DgYgSIHDPqN1mLhl8deg-E.pdf,https://sfa.iuh.edu.vn/news.html@detail@328@11940@Khung-chuong-trinh-thac-sy-2018,Viện Tài chính - Kế toán,duplicate_of:e1b5816bdd7d
http://khoahocquocte.iuh.edu.vn/upload/files/TB_BRVT_2016.pdf,https://smia.iuh.edu.vn/news.html@detail@214@780@Dang-ky-de-tai-KHCN-Tinh-Ba-Ria-Vung-Tau-nam-2016,Phòng Quản lý khoa học và hợp tác quốc tế,http_error: ConnectError
https://ce.iuh.edu.vn/upload/files/Don%20xin%20chuy%E1%BB%83n%20nganh.pdf,https://ce.iuh.edu.vn/bieumau.html@p=1,Khoa Kỹ thuật Xây dựng,duplicate_of:f5021e77550d
https://htsv.iuh.edu.vn/upload/files/An%20Nhan_JD_Sales%20Admin_170403.docx.pdf,https://htsv.iuh.edu.vn/vieclam/news.html@p=17,Trung tâm Kết nối doanh nghiệp và Giới thiệu việc làm,status_404
http://khoahocquocte.iuh.edu.vn/upload/files/TB_KHCN_An_Giang_2016.pdf,https://smia.iuh.edu.vn/news.html@detail@214@773@Dang-ky-de-tai-KHCN-Tinh-An-Giang-nam-2016,Phòng Quản lý khoa học và hợp tác quốc tế,http_error: ConnectError
https://ce.iuh.edu.vn/upload/files/Don%20xin%20ngh%E1%BB%89%20h%E1%BB%8Dc%20t%E1%BA%A1m%20th%E1%BB%9Di.pdf,https://ce.iuh.edu.vn/bieumau.html@p=1,Khoa Kỹ thuật Xây dựng,duplicate_of:a77805ee86fb
http://iuh.edu.vn/Resource/Upload2/files/2020/Ba-cong-khai/06_BieuMau_18E.pdf,https://tqa.iuh.edu.vn/ba-cong-khai/ba-cong-khai-nam-hoc-2019-2020/,Phòng Khảo thí và Đảm bảo chất lượng,too_large
https://htsv.iuh.edu.vn/upload/files/Ke%20hoach%20Ngay%20hoi%20Nghe%20nghiep%20Sinh%20vien%20TP_HCM%202017.pdf,https://htsv.iuh.edu.vn/news@166-Tra-cuu-cuu-sinh-vien.html@p=6,Trung tâm Kết nối doanh nghiệp và Giới thiệu việc làm,status_404
https://iuh.edu.vn/Resource/Upload2/files/2024/09/HD-02-2024.pdf,https://iuh.edu.vn/vi/thong-bao/huong-dan-nop-ho-so-de-nghi-cap-hoc-bong-tuyen-sinh-nam-hoc-2024-2025-1206.html,Trường (trang chính),duplicate_of:04ca12f0acdd
http://khoahocquocte.iuh.edu.vn/upload/files/TB_KHCN_Ninh_thuan_2016.pdf,https://smia.iuh.edu.vn/news.html@detail@214@774@Dang-ky-de-tai-KHCN-Tinh-Ninh-Thuan-nam-2016,Phòng Quản lý khoa học và hợp tác quốc tế,http_error: ConnectError
https://ce.iuh.edu.vn/upload/files/Don%20xin%20nh%E1%BA%ADp%20h%E1%BB%8Dc%20tr%E1%BB%9F%20l%E1%BA%A1i.pdf,https://ce.iuh.edu.vn/bieumau.html@266@Van-phong-dien-tu,Khoa Kỹ thuật Xây dựng,duplicate_of:085690ef6486
https://fba.iuh.edu.vn/wp-content/uploads/2024/09/MAU-01.-Don-xin-xet-tot-nghiep-He-tin-chi.pdf,https://fba.iuh.edu.vn/quy-trinh-thu-tuc/bieu-mau-hoc-vu/,Khoa Quản trị Kinh doanh,duplicate_of:32658b7a6f9e
https://fet.iuh.edu.vn/upload/files/2022-qd-1327-ban-hanh-bo-chuong-trinh-dao-tao-nam-2022-20220721114127-e.pdf,https://fet.iuh.edu.vn/news.html@detail@211@427@Dai-hoc-%E2%80%93-Cong-nghe-ky-thuat-dien-tu-vien-thong-(Chuyen-nganh-Ky-thuat-vien-thong),Khoa Công nghệ Điện tử,duplicate_of:1d652d187489
https://htsv.iuh.edu.vn/upload/files/TUYEN%20SINH%20VUA%20H%E1%BB%8CC%20VUA%20LAM.pdf,https://htsv.iuh.edu.vn/news@166-Tra-cuu-cuu-sinh-vien.html@p=6,Trung tâm Kết nối doanh nghiệp và Giới thiệu việc làm,status_404
http://khoahocquocte.iuh.edu.vn/upload/files/TB_KHCN_Tay_Ninh_2017.pdf,https://smia.iuh.edu.vn/news.html@detail@214@775@Dang-ky-de-tai-KHCN-Tinh-Tay-Ninh-nam-2017,Phòng Quản lý khoa học và hợp tác quốc tế,http_error: ConnectError
https://fgd.iuh.edu.vn/wp-content/uploads/2021/09/TB89.pdf,https://fgd.iuh.edu.vn/scholarships/announcement-of-scholarship-policy-to-encourage-study-and-support-tuition-fees-for-the-academic-year-2021-2022/,Khoa Công nghệ May - Thời trang,duplicate_of:425007979249
https://fct.iuh.edu.vn/upload/files/2026/IUH%20Student%20Handbook%20-%202024.pdf,https://fct.iuh.edu.vn/news.html@detail@358@1236@SO-TAY-SINH-VIEN-2022,Khoa Thương mại - Du lịch,duplicate_of:deb62596f6c1
https://qn.iuh.edu.vn/uploads/2018/10/thong_bao_ve_viec_cap_hoc_bong_sinh_vien_vuot_kho_hieu_hoc_nam_2018.pdf,https://qn.iuh.edu.vn/hoc-bong/thong-bao-huong-dan-viec-xet-cap-hoc-bong-sinh-vien-vuot-kho-hieu-hoc-nam-2018/,Phân hiệu Quảng Ngãi,duplicate_of:26638d1e5b3b
http://khoahocquocte.iuh.edu.vn/upload/files/TB_xet_thuong_bai_bao_khoa_hoc_nam_2016.pdf,https://smia.iuh.edu.vn/news.html@detail@220@792@Xet-thuong-bai-bao-khoa-hoc-nam-2016,Phòng Quản lý khoa học và hợp tác quốc tế,http_error: ConnectError
https://feet.iuh.edu.vn/upload/files/2022/09.2022/Don%20xin%20ngh%E1%BB%89%20h%E1%BB%8Dc%20t%E1%BA%A1m%20th%E1%BB%9Di.pdf,https://feet.iuh.edu.vn/bieumau.html@266@Bieu-mau-sinh-vien,Khoa Công nghệ Điện,duplicate_of:a77805ee86fb
http://khoahocquocte.iuh.edu.vn/upload/files/Trienkhai_NCKH_IUH_2017.pdf,https://smia.iuh.edu.vn/news.html@detail@214@786@Trien-khai-De-tai-NCKH-cap-Truong-nam-2017,Phòng Quản lý khoa học và hợp tác quốc tế,http_error: ConnectError
https://feet.iuh.edu.vn/upload/files/2022/09.2022/Don%20xin%20nh%E1%BA%ADp%20h%E1%BB%8Dc%20tr%E1%BB%9F%20l%E1%BA%A1i.pdf,https://feet.iuh.edu.vn/bieumau.html@266@Bieu-mau-sinh-vien,Khoa Công nghệ Điện,duplicate_of:085690ef6486
https://fgd.iuh.edu.vn/wp-content/uploads/2021/09/tb124.pdf,https://fgd.iuh.edu.vn/scholarships/announcement-of-the-scholarship-students-overcome-difficulties-in-2019/,Khoa Công nghệ May - Thời trang,duplicate_of:5a01cf2d6e2b
https://pdt.iuh.edu.vn/Uploads/6f800496-c976-4e22-9212-00e0bec79b9b_tb-82-2026.pdf,https://pdt.iuh.edu.vn/thong-bao-vv-nghi-le-gio-to-hung-vuong-103-am-lich-ngay-chien-thang-304-va-ngay-quoc-te-lao-dong-015-nam-2026,Phòng Đào tạo,duplicate_of:09fcad6914c2
http://iuh.edu.vn/Resource/Upload2/files/2021/Ba-cong-khai/BieuMau17.pdf,https://tqa.iuh.edu.vn/ba-cong-khai/ba-cong-khai-nam-2020-2021/,Phòng Khảo thí và Đảm bảo chất lượng,too_large
https://feet.iuh.edu.vn/upload/files/2022/11/chuandaoraktdien2017.pdf,https://feet.iuh.edu.vn/news.html@detail@211@771@Chuong-trinh-dao-tao-nganh-cong-nghe-ky-thuat-Dien-Dien-tu-nam-2017,Khoa Công nghệ Điện,status_404
http://iuh.edu.vn/Resource/Upload2/files/2021/Ba-cong-khai/BieuMau18C_CoKhi.pdf,https://tqa.iuh.edu.vn/ba-cong-khai/ba-cong-khai-nam-2020-2021/,Phòng Khảo thí và Đảm bảo chất lượng,too_large
https://feet.iuh.edu.vn/upload/files/2022/11/chuandauratdh2016.pdf,https://feet.iuh.edu.vn/news.html@detail@211@772@Chuong-trinh-dao-tao-nganh-cong-nghe-ky-thuat-dieu-khien-va%CC%80-tu%CC%A3-do%CC%A3ng-ho%CC%81a-nam-2016,Khoa Công nghệ Điện,status_404
https://fgd.iuh.edu.vn/wp-content/uploads/2021/09/tb_146.pdf,https://fgd.iuh.edu.vn/scholarships/announcement-of-the-scholarship-students-overcome-difficulties-in-2018/,Khoa Công nghệ May - Thời trang,duplicate_of:26638d1e5b3b
https://pdt.iuh.edu.vn/Uploads/80bd5d06-1c9f-4f85-8276-d2dec382ed5c_thong-bao-xet-tn-10.2024.pdf,https://pdt.iuh.edu.vn/thong-bao-ke-hoach-xet-cong-nhan-tot-nghiep-dot-thang-10-nam-2024,Phòng Đào tạo,duplicate_of:5978fd1b8d7a
https://sfa.iuh.edu.vn/upload/files/AUN%20KT%202024/PRO-SPEC-2024.pdf,https://sfa.iuh.edu.vn/news.html@detail@320@13163@Program-specification-2024,Viện Tài chính - Kế toán,status_404
https://qn.iuh.edu.vn/uploads/2020/11/thong-bao-xet-cap-hoc-bong-vuot-kho-hieu-hoc-nam-20201.pdf,https://qn.iuh.edu.vn/hoc-bong/thong-bao-cap-xet-hoc-bong-sinh-vien-vuot-kho-hieu-hoc-nam-2020/,Phân hiệu Quảng Ngãi,duplicate_of:da21ffab8751
https://fce.iuh.edu.vn/wp-content/uploads/2020/08/tb_65-gio-hoc-moi-tu-2020.2021.pdf,https://fce.iuh.edu.vn/hoc-vu/quy-dinh-ve-gio-hoc-va-gio-thi-cua-truong-ke-tu-nam-hoc-2020-2021/,Khoa Công nghệ Hóa học,duplicate_of:e18ba2eb1e33
http://iuh.edu.vn/Resource/Upload2/files/2021/Ba-cong-khai/BieuMau18C_CongNgheThongTin.pdf,https://tqa.iuh.edu.vn/ba-cong-khai/ba-cong-khai-nam-2020-2021/,Phòng Khảo thí và Đảm bảo chất lượng,too_large
https://feet.iuh.edu.vn/upload/files/2022/11/ctkktdien2017.pdf,https://feet.iuh.edu.vn/news.html@detail@211@771@Chuong-trinh-dao-tao-nganh-cong-nghe-ky-thuat-Dien-Dien-tu-nam-2017,Khoa Công nghệ Điện,status_404
https://qn.iuh.edu.vn/uploads/2021/04/01_QuanTriKinhDoanh.pdf,https://qn.iuh.edu.vn/thong-tin-dao-tao/5529/,Phân hiệu Quảng Ngãi,duplicate_of:b269680bd47f
https://fce.iuh.edu.vn/wp-content/uploads/2020/11/thong-bao-xet-cap-hoc-bong-vuot-kho-hieu-hoc-nam-2020.pdf,https://fce.iuh.edu.vn/hoc-vu/thong-bao-nhan-ho-so-xin-xet-cap-hoc-bong-vuot-kho-2020/,Khoa Công nghệ Hóa học,duplicate_of:da21ffab8751
https://feet.iuh.edu.vn/upload/files/2022/11/ctktdh2016.pdf,https://feet.iuh.edu.vn/news.html@detail@211@772@Chuong-trinh-dao-tao-nganh-cong-nghe-ky-thuat-dieu-khien-va%CC%80-tu%CC%A3-do%CC%A3ng-ho%CC%81a-nam-2016,Khoa Công nghệ Điện,status_404
https://iuh.edu.vn/Resource/Upload2/files/2024/10/tb1598-2024.pdf,https://iuh.edu.vn/vi/thong-bao/thong-bao-v-v-tuyen-chon-sinh-vien-di-thuc-tap-co-huong-luong-tai-dai-loan-1193.html,Trường (trang chính),duplicate_of:e749206cb9d3
http://iuh.edu.vn/Resource/Upload2/files/2021/Ba-cong-khai/BieuMau18C_DienTu.pdf,https://tqa.iuh.edu.vn/ba-cong-khai/ba-cong-khai-nam-2020-2021/,Phòng Khảo thí và Đảm bảo chất lượng,too_large
https://feet.iuh.edu.vn/upload/files/2022/11/khdaotaoktdien2017.pdf,https://feet.iuh.edu.vn/news.html@detail@211@771@Chuong-trinh-dao-tao-nganh-cong-nghe-ky-thuat-Dien-Dien-tu-nam-2017,Khoa Công nghệ Điện,status_404
https://pdt.iuh.edu.vn/Uploads/86e30465-a41e-429e-9155-f5dd9fa0458b_tb-891-2024.pdf,https://pdt.iuh.edu.vn/thong-bao-v-v-nghi-le-quoc-khanh-nam-2024,Phòng Đào tạo,duplicate_of:08d7f8135f57
https://faet.iuh.edu.vn/upload/files/QuyTrinhNhapHocTongThe.pdf,"https://faet.iuh.edu.vn/news.html@detail@394@564@Huong-dan-Quy-trinh-nhap-hoc-truc-tuyen-cho-Tan-sinh-vien-khoa-20,-nam-hoc-2024-2025",Khoa Công nghệ Động lực,duplicate_of:a566d0b4acf8
https://feet.iuh.edu.vn/upload/files/2022/11/tiendodaotaotdh2016.pdf,https://feet.iuh.edu.vn/news.html@detail@211@772@Chuong-trinh-dao-tao-nganh-cong-nghe-ky-thuat-dieu-khien-va%CC%80-tu%CC%A3-do%CC%A3ng-ho%CC%81a-nam-2016,Khoa Công nghệ Điện,status_404
http://iuh.edu.vn/Resource/Upload2/files/2021/Ba-cong-khai/BieuMau18C_Hoa.pdf,https://tqa.iuh.edu.vn/ba-cong-khai/ba-cong-khai-nam-2020-2021/,Phòng Khảo thí và Đảm bảo chất lượng,too_large
https://feet.iuh.edu.vn/upload/files/2022/11/tomtatmhtdh2016.pdf,https://feet.iuh.edu.vn/news.html@detail@211@772@Chuong-trinh-dao-tao-nganh-cong-nghe-ky-thuat-dieu-khien-va%CC%80-tu%CC%A3-do%CC%A3ng-ho%CC%81a-nam-2016,Khoa Công nghệ Điện,status_404
https://fet.iuh.edu.vn/upload/files/2023_08_10-tb-948-Tuyen-sinh-Tien-si-nam-2023-2.pdf,https://fet.iuh.edu.vn/news.html@detail@273@730@Tuyen-sinh-tien-si-Ky-thuat-dien-tu-nam-2023-%E2%80%93-Dot-2,Khoa Công nghệ Điện tử,duplicate_of:5833bf93d23a
http://iuh.edu.vn/Resource/Upload2/files/2021/Ba-cong-khai/BieuMau18C_KeToan.pdf,https://tqa.iuh.edu.vn/ba-cong-khai/ba-cong-khai-nam-2020-2021/,Phòng Khảo thí và Đảm bảo chất lượng,too_large
https://feet.iuh.edu.vn/upload/files/2022/11/tomtatmonhocktdien2017.pdf,https://feet.iuh.edu.vn/news.html@detail@211@771@Chuong-trinh-dao-tao-nganh-cong-nghe-ky-thuat-Dien-Dien-tu-nam-2017,Khoa Công nghệ Điện,status_404
http://iuh.edu.vn/Resource/Upload2/files/2021/Ba-cong-khai/BieuMau18C_Luat.pdf,https://tqa.iuh.edu.vn/ba-cong-khai/ba-cong-khai-nam-2020-2021/,Phòng Khảo thí và Đảm bảo chất lượng,too_large
https://faet.iuh.edu.vn/upload/files/T%E1%BB%91t%20nghi%E1%BB%87p/TB-1829-2025.pdf,https://faet.iuh.edu.vn/news.html@detail@211@657@Thong-bao-ke-hoach-xet-cong-nhan-tot-nghiep-bac-dai-hoc-dot-thang-3-nam-2026,Khoa Công nghệ Động lực,duplicate_of:ec18d32b9fed
http://iuh.edu.vn/Resource/Upload2/files/2021/Ba-cong-khai/BieuMau18C_MayThoiTrang.pdf,https://tqa.iuh.edu.vn/ba-cong-khai/ba-cong-khai-nam-2020-2021/,Phòng Khảo thí và Đảm bảo chất lượng,too_large
https://ipe.iuh.edu.vn/uploads/2018/06/Qd647_xet_va_cap_hoc_bong.pdf,https://ipe.iuh.edu.vn/vi/chuyen-muc-hoc-vien/quyet-dinh-v-v-xet-cap-hoc-bong-khuyen-khich-tiep-tuc-hoc-trinh-do-thac-si/,Viện Đào tạo Quốc tế và Sau đại học,duplicate_of:1dd9809db97c
https://pdt.iuh.edu.vn/Uploads/9d3cd0af-9801-4a54-92c9-d37aa39458eb_TB-996-2026.pdf,https://pdt.iuh.edu.vn/thong-bao-ke-hoach-xet-cong-nhan-tot-nghiep-bac-dai-hoc-dot-thang-10-nam-2026,Phòng Đào tạo,duplicate_of:70fdd72527ae
http://iuh.edu.vn/Resource/Upload2/files/2021/Ba-cong-khai/BieuMau18C_MoiTruong.pdf,https://tqa.iuh.edu.vn/ba-cong-khai/ba-cong-khai-nam-2020-2021/,Phòng Khảo thí và Đảm bảo chất lượng,too_large
https://fgd.iuh.edu.vn/wp-content/uploads/2022/05/TCDM_2022.05-phan-2.pdf,https://fgd.iuh.edu.vn/scientific-research/journal-of-textile-industry-march-2022-2/,Khoa Công nghệ May - Thời trang,status_404
https://flp.iuh.edu.vn/wp-content/uploads/2022/11/QĐ-966_2021.pdf,https://flp.iuh.edu.vn/tin-tuc-su-kien/quyet-dinh-ve-tam-nhin-su-mang-muc-tieu-gia-tri-cot-loi-phuong-cham-hoat-dong-triet-ly-giao-duc-chinh-sach-chat-luong-cua-truong-dai-hoc-cong-nghiep-tp-ho-chi-minh/,Khoa Luật và Khoa học chính trị,duplicate_of:c058e5b3f380
https://faet.iuh.edu.vn/upload/files/T%E1%BB%91t%20nghi%E1%BB%87p/Thong_bao_xet_t%E1%BB%91t_nghi%E1%BB%87p_thang_10-2026.pdf,https://faet.iuh.edu.vn/news.html@detail@363@699@Thong-bao-ke-hoach-xet-cong-nhan-tot-nghiep-bac-dai-hoc-dot-thang-10-nam-2026,Khoa Công nghệ Động lực,duplicate_of:70fdd72527ae
http://iuh.edu.vn/Resource/Upload2/files/2021/Ba-cong-khai/BieuMau18C_NgoaiNgu.pdf,https://tqa.iuh.edu.vn/ba-cong-khai/ba-cong-khai-nam-2020-2021/,Phòng Khảo thí và Đảm bảo chất lượng,too_large
https://sfa.iuh.edu.vn/upload/files/CHU%E1%BA%A8N%20D%E1%BA%A6U%20RA%20VA%20M%E1%BB%A4C%20TIEU%20C%E1%BB%A6A%20CHUONG%20TRINH%20DAO%20T%E1%BA%A0O%20NAM%202018.pdf,https://sfa.iuh.edu.vn/news.html@detail@313@11793@Muc-tieu-dao-tao-va-Chuan-dau-ra-cua-chuong-trinh-dao-tao-nganh-Ke-toan-nam-2018,Viện Tài chính - Kế toán,status_404
http://iuh.edu.vn/Resource/Upload2/files/2021/Ba-cong-khai/BieuMau18C_NhietLanh.pdf,https://tqa.iuh.edu.vn/ba-cong-khai/ba-cong-khai-nam-2020-2021/,Phòng Khảo thí và Đảm bảo chất lượng,too_large
https://fit.iuh.edu.vn/upload/0199900060/files/2026_%20PDT%2017b_Don%20de%20nghi%20xet%20TN%20qua%20han%20(web_6_2026).pdf,https://fit.iuh.edu.vn/news.html@detail@155@3587@Thong-bao-ke-hoach-xet-cong-nhan-tot-nghiep-dot-thang-10-nam-2026,Khoa Công nghệ thông tin,duplicate_of:2ea931b832e2
https://fgd.iuh.edu.vn/wp-content/uploads/2022/06/TCDM_2022.06-1-phần-2.pdf,https://fgd.iuh.edu.vn/thong-bao/tap-chi-det-may-thang-6-2022/,Khoa Công nghệ May - Thời trang,status_404
http://iuh.edu.vn/Resource/Upload2/files/2021/Ba-cong-khai/BieuMau18C_QuanTriKinhDoanh.pdf,https://tqa.iuh.edu.vn/ba-cong-khai/ba-cong-khai-nam-2020-2021/,Phòng Khảo thí và Đảm bảo chất lượng,too_large
https://fgd.iuh.edu.vn/wp-content/uploads/2022/07/1.TCDM_2022.07phan-2.pdf,https://fgd.iuh.edu.vn/scientific-research/journal-of-textile-industry-july-2022/,Khoa Công nghệ May - Thời trang,status_404
https://fme.iuh.edu.vn/wp-content/uploads/2023/03/CTDT-CDT-K14-2018_En.pdf,https://fme.iuh.edu.vn/mechatronics-division/undergraduate-curriculum-in-mechatronic-engineering-technology-2018/,Khoa Công nghệ Cơ khí,duplicate_of:b932e625aaf5
https://iuh.edu.vn/upload/files/2025/11/TB-1829-2025.pdf,https://iuh.edu.vn/vi/thong-bao/thong-bao-ke-hoach-xet-cong-nhan-tot-nghiep-bac-dai-hoc-dot-thang-3-nam-2026-2103.html,Trường (trang chính),duplicate_of:ec18d32b9fed
http://iuh.edu.vn/Resource/Upload2/files/2021/Ba-cong-khai/BieuMau18C_SinhHocThucPham.pdf,https://tqa.iuh.edu.vn/ba-cong-khai/ba-cong-khai-nam-2020-2021/,Phòng Khảo thí và Đảm bảo chất lượng,too_large
https://fme.iuh.edu.vn/wp-content/uploads/2023/03/CTDT-CDT-K15-2019_En.pdf,https://fme.iuh.edu.vn/mechatronics-division/undergraduate-curriculum-in-mechatronic-engineering-technology-2019/,Khoa Công nghệ Cơ khí,duplicate_of:c0cb862f86f5
https://iuh.edu.vn/upload/files/2025/11/TB1823.pdf,https://iuh.edu.vn/vi/thong-bao/thong-bao-v-v-gia-han-nop-hoc-phi-hoc-ky-ii-nam-hoc-2025-2026-doi-voi-sinh-vien-cua-truong-dai-hoc-cong-nghiep-tphcm-song-tai-cac-dia-phuong-chiu-anh-huong-boi-thien-tai-bao-lu-2085.html,Trường (trang chính),duplicate_of:c3a4f5f4573e
http://iuh.edu.vn/Resource/Upload2/files/2021/Ba-cong-khai/BieuMau18C_TaiChinhNganHang.pdf,https://tqa.iuh.edu.vn/ba-cong-khai/ba-cong-khai-nam-2020-2021/,Phòng Khảo thí và Đảm bảo chất lượng,too_large
https://fme.iuh.edu.vn/wp-content/uploads/2023/03/CTDT-CDT-K16-2020_En.pdf,https://fme.iuh.edu.vn/mechatronics-division/undergraduate-curriculum-in-mechatronic-engineering-technology-2020/,Khoa Công nghệ Cơ khí,duplicate_of:54a7ba887996
https://iuh.edu.vn/upload/files/2025/12/TB-1856-2025.pdf,https://iuh.edu.vn/vi/thong-bao/thong-bao-v-v-dieu-chinh-lich-nghi-tet-duong-lich-nam-2026-2114.html,Trường (trang chính),duplicate_of:7787d9761159
http://iuh.edu.vn/Resource/Upload2/files/2021/Ba-cong-khai/BieuMau18C_ThuongMaiDuLich.pdf,https://tqa.iuh.edu.vn/ba-cong-khai/ba-cong-khai-nam-2020-2021/,Phòng Khảo thí và Đảm bảo chất lượng,too_large
https://fme.iuh.edu.vn/wp-content/uploads/2023/03/CTDT-CDT-K17-2021_En.pdf,https://fme.iuh.edu.vn/mechatronics-division/undergraduate-curriculum-in-mechatronic-engineering-technology-2021/,Khoa Công nghệ Cơ khí,duplicate_of:199defa77bd3
https://th.iuh.edu.vn/wp-content/uploads/2024/09/thong-bao-xet-tn-10.2024.pdf,https://th.iuh.edu.vn/thong-bao/thong-bao-ke-hoach-xet-cong-nhan-tot-nghiep-dot-thang-10-nam-2024/,Cơ sở Thanh Hóa,duplicate_of:5978fd1b8d7a
http://iuh.edu.vn/Resource/Upload2/files/2021/Ba-cong-khai/BieuMau18C_XayDung.pdf,https://tqa.iuh.edu.vn/ba-cong-khai/ba-cong-khai-nam-2020-2021/,Phòng Khảo thí và Đảm bảo chất lượng,too_large
https://smia.iuh.edu.vn/upload/files/2022/2022Detai_IUH/Thong-bao-191Detai_IUH.pdf,https://smia.iuh.edu.vn/news.html@detail@214@986@Trien-khai-de-tai-nghien-cuu-khoa-hoc-cap-Truong-nam-2023-(Dot-1),Phòng Quản lý khoa học và hợp tác quốc tế,duplicate_of:658745a40cbb
https://iuh.edu.vn/upload/files/2026/03/TB-63-2026.pdf,https://iuh.edu.vn/vi/thong-bao/thong-bao-v-v-nghi-hoc-de-to-chuc-va-tham-gia-bau-cu-dai-bieu-quoc-hoi-va-hoi-dong-nhan-dan-cac-cap-2148.html,Trường (trang chính),duplicate_of:9aaae69709a8
https://th.iuh.edu.vn/wp-content/uploads/2024/10/thong-bao-thoi-han-hoc-tap-tai-truong-2024.pdf,https://th.iuh.edu.vn/thong-bao/thong-bao-thoi-han-hoc-tap-tai-truong-cua-sinh-vien-truong-dai-hoc-cong-nghiep-thanh-pho-ho-chi-minh/,Cơ sở Thanh Hóa,duplicate_of:5a37f7009544
http://iuh.edu.vn/Resource/Upload2/files/2021/Ba-cong-khai/BieuMau18D.pdf,https://tqa.iuh.edu.vn/ba-cong-khai/ba-cong-khai-nam-2020-2021/,Phòng Khảo thí và Đảm bảo chất lượng,too_large
http://iuh.edu.vn/Resource/Upload2/files/2021/Ba-cong-khai/BieuMau18E.pdf,https://tqa.iuh.edu.vn/ba-cong-khai/ba-cong-khai-nam-2020-2021/,Phòng Khảo thí và Đảm bảo chất lượng,too_large
https://iuh.edu.vn/upload/files/2026/03/qd-656-2026.pdf,https://iuh.edu.vn/vi/thong-bao/quyet-dinh-ban-hanh-tien-do-dao-tao-nam-hoc-2026-2027-2156.html,Trường (trang chính),duplicate_of:5911d63d6351
https://fet.iuh.edu.vn/upload/files/Hoc%20bong%20Dai%20Loan.pdf,"https://fet.iuh.edu.vn/news.html@detail@275@648@Thong-tin-hoc-bong-thac-si-KT-dien-tu-tu-truong-dai-hoc-Su-pham-quoc-lap-Cao-Hung,-Dai-Loan",Khoa Công nghệ Điện tử,duplicate_of:4476065c0f6e
https://pdt.iuh.edu.vn/Uploads/c70d6f24-58d6-4ffe-a119-f5af4745311d_TB89.pdf,https://pdt.iuh.edu.vn/thong-bao-chinh-sach-hoc-bong-khuyen-khich-hoc-tap-va-ho-tro-hoc-phi-nam-hoc-2021---2022,Phòng Đào tạo,duplicate_of:425007979249
https://faet.iuh.edu.vn/upload/files/tb-1593-2024-20241016092634-e.pdf,https://faet.iuh.edu.vn/news.html@detail@363@587@Thong-bao-ve-viec-dang-ky-tham-du-be-giang-va-phat-bang-tot-nghiep-dot-2-(thang-11)-nam-2024-(ngay-29-11-2024),Khoa Công nghệ Động lực,duplicate_of:ff88f3592ce2
https://iuh.edu.vn/upload/files/2026/03/tb-82-2026.pdf,https://iuh.edu.vn/vi/thong-bao/thong-bao-v-v-nghi-le-gio-to-hung-vuong-10-3-am-lich-ngay-chien-thang-30-4-va-ngay-quoc-te-lao-dong-01-5-nam-2026-2151.html,Trường (trang chính),duplicate_of:09fcad6914c2
https://smia.iuh.edu.vn/upload/files/2023Eureka/K%E1%BA%BE%20HO%E1%BA%A0CH%20TRI%E1%BB%82N%20KHAI%20EUREKA%202023.pdf,https://smia.iuh.edu.vn/news.html@detail@220@988@Ke-hoach-Giai-thuong-Sinh-vien-NCKH-Eureka-cap-Truong-nam-2023,Phòng Quản lý khoa học và hợp tác quốc tế,duplicate_of:8cc99b73596c
https://faet.iuh.edu.vn/upload/files/tb-1622-2024-20241203051253-e.pdf,https://faet.iuh.edu.vn/news.html@detail@363@599@Thong-bao-ke-hoach-xet-cong-nhan-tot-nghiep-dot-thang-02-nam-2025,Khoa Công nghệ Động lực,duplicate_of:44155e3491f9
http://iuh.edu.vn/Resource/Upload2/files/2021/Ba-cong-khai/BieuMau20.pdf,https://tqa.iuh.edu.vn/ba-cong-khai/ba-cong-khai-nam-2020-2021/,Phòng Khảo thí và Đảm bảo chất lượng,too_large
https://flp.iuh.edu.vn/wp-content/uploads/2023/05/tb52.pdf,https://flp.iuh.edu.vn/tin-noi-bat/thong-bao-ke-hoach-xet-cong-nhan-tot-nghiep-dot-thang-7-nam-2023/,Khoa Luật và Khoa học chính trị,duplicate_of:e48b760cc923
https://fme.iuh.edu.vn/wp-content/uploads/2023/09/2023.08.10-tb-948-Tuyen-sinh-Tien-si-nam-2023-2.pdf,https://fme.iuh.edu.vn/thong-bao-sinh-vien/thong-bao-tuyen-sinh-dao-tao-trinh-do-tien-si-nam-2023-dot-2/,Khoa Công nghệ Cơ khí,duplicate_of:5833bf93d23a
https://iuh.edu.vn/upload/files/2026/04/867_Thongbao_tuyensinh_2026.pdf,https://iuh.edu.vn/vi/thong-bao/thong-bao-tuyen-sinh-dai-hoc-he-chinh-quy-nam-2026-2176.html,Trường (trang chính),duplicate_of:5dfcb0672f15
https://faet.iuh.edu.vn/upload/files/tb876.pdf,https://faet.iuh.edu.vn/news.html@detail@400@565@Thong-bao-v-v-cong-bo-diem-du-dieu-kien-trung-tuyen-bac-Dai-hoc-he-Chinh-quy-nam-2024-bang-phuong-thuc-xet-tuyen-su-dung-ket-qua-hoc-tap-THPT-va-Uu-tien-xet-tuyen,Khoa Công nghệ Động lực,duplicate_of:945ce26f09b7
https://flp.iuh.edu.vn/wp-content/uploads/2023/08/tb-932-thaang-10.pdf,https://flp.iuh.edu.vn/tin-noi-bat/thong-bao-nhan-bang-tot-nghiep-thang-4-nam-2023-va-ke-hoach-xet-cong-nhan-tot-nghiep-dot-thang-10-nam-2023/,Khoa Luật và Khoa học chính trị,duplicate_of:d8be31c03108
https://pdt.iuh.edu.vn/Uploads/d9f267e0-14ec-4196-8320-f676133619cb_tb-92-2026.pdf,https://pdt.iuh.edu.vn/thong-bao-vv-nghi-hoc-trong-thoi-gian-to-chuc-ky-thi-danh-gia-nang-luc-dhqg-hcm-dot-1-ngay-0542026,Phòng Đào tạo,duplicate_of:a01443407f3b
https://iuh.edu.vn/upload/files/2026/04/TB-83-2026.pdf,https://iuh.edu.vn/vi/thong-bao/thong-bao-ke-hoach-xet-cong-nhan-tot-nghiep-bac-dai-hoc-dot-thang-7-nam-2026-2174.html,Trường (trang chính),duplicate_of:bf74c7b5f2f3
https://fit.iuh.edu.vn/upload/files/673_QD_DHCN_26_02_2016.pdf,https://fit.iuh.edu.vn/news.html@detail@218@3009@De-an-mo-nganh-He-thong-thong-tin-trinh-do-Dai-hoc,Khoa Công nghệ thông tin,duplicate_of:abbfd9dec21e
https://th.iuh.edu.vn/wp-content/uploads/2026/03/Thong-bao-nghi-le-30.4.pdf,https://th.iuh.edu.vn/thong-bao/thong-bao-v-v-nghi-le-gio-to-hung-vuong-10-3-am-lich-ngay-chien-thang-30-4-va-ngay-quoc-te-lao-dong-01-5-nam-2026/,Cơ sở Thanh Hóa,duplicate_of:09fcad6914c2
https://iuh.edu.vn/upload/files/2026/04/TB-866-2026.pdf,https://iuh.edu.vn/vi/thong-bao/thong-bao-ke-hoach-nghi-he-doi-voi-sinh-vien-nam-2026-2177.html,Trường (trang chính),duplicate_of:8aa931c409cf
https://pdt.iuh.edu.vn/Uploads/e27ede81-af20-4c6f-99df-cd7d762fbfe1_TB-1595-2024.pdf,https://pdt.iuh.edu.vn/thong-bao-v-v-nghi-tet-duong-lich-tet-nguyen-dan-at-ty-nam-2025,Phòng Đào tạo,duplicate_of:d992fa4361ed
https://th.iuh.edu.vn/wp-content/uploads/2026/03/Tien-do-Dao-tao-2026-2027.pdf,https://th.iuh.edu.vn/thong-bao/quyet-dinh-ban-hanh-tien-do-dao-tao-nam-hoc-2026-2027/,Cơ sở Thanh Hóa,duplicate_of:5911d63d6351
https://iuh.edu.vn/upload/files/2026/05/TB-889-2026.pdf,https://iuh.edu.vn/vi/thong-bao/thong-bao-v-v-nghi-hoc-trong-thoi-gian-to-chuc-ky-thi-danh-gia-nang-luc-dhqg-hcm-dot-2-ngay-24-5-2026-tai-cum-thi-truong-dai-hoc-cong-nghiep-tphcm-2195.html,Trường (trang chính),duplicate_of:9a9e189556f5
https://pdt.iuh.edu.vn/Uploads/e66a6c80-5a64-4fee-add8-0e24581458ae_tb-1891-2025.pdf,https://pdt.iuh.edu.vn/thong-bao-v-v-nghi-tet-duong-lich-tet-nguyen-dan-binh-ngo-nam-2026,Phòng Đào tạo,duplicate_of:cfb4de80576d
https://th.iuh.edu.vn/wp-content/uploads/2026/04/Xet-TN-dot-thang-7.2026.pdf,https://th.iuh.edu.vn/thong-bao/thong-bao-ke-hoach-xet-cong-nhan-tot-nghiep-bac-dai-hoc-dot-thang-7-nam-2026/,Cơ sở Thanh Hóa,duplicate_of:bf74c7b5f2f3
https://iuh.edu.vn/upload/files/2026/05/TB_Dang%20ki%20hoc%20phan%20HK1-nam%20hoc%202026-2027.pdf,https://iuh.edu.vn/vi/thong-bao/thong-bao-v-v-dang-ky-hoc-phan-va-dong-hoc-phi-hoc-ky-i-nam-hoc-2026-2027-2188.html,Trường (trang chính),duplicate_of:aed8312da9c5
https://feet.iuh.edu.vn/upload/files/2026_%20PDT%2017b_Don%20de%20nghi%20xet%20TN%20qua%20han%20(co%20hinh_6_2026).pdf,https://feet.iuh.edu.vn/news.html@detail@264@1556@Thong-bao-xet-tot-nghiep-dot-thang-10.2026,Khoa Công nghệ Điện,duplicate_of:e2f7bcae3f92
https://pdt.iuh.edu.vn/Uploads/e689d4c8-dd2c-4983-838a-c51c05c2299f_TB-100-2026.pdf,https://pdt.iuh.edu.vn/thong-bao-vv-dang-ky-hoc-phan-va-dong-hoc-phi-hoc-ky-iii-nam-hoc-2025---2026,Phòng Đào tạo,duplicate_of:f86e1ec4df8a
https://th.iuh.edu.vn/wp-content/uploads/2026/05/Thong-bao-nghi-he.pdf,https://th.iuh.edu.vn/thong-bao/thong-bao-ke-hoach-nghi-he-doi-voi-sinh-vien-nam-2026/,Cơ sở Thanh Hóa,duplicate_of:8aa931c409cf
https://iuh.edu.vn/upload/files/2026/07/HD%20Mien%20giam%20hoc%20phi%20nam%20hoc%202026%20-%202027.pdf,https://iuh.edu.vn/vi/thong-bao/huong-dan-v-v-thuc-hien-chinh-sach-mien-giam-hoc-phi-va-ho-tro-chi-phi-hoc-tap-nam-hoc-2026-2027-2234.html,Trường (trang chính),duplicate_of:65a68c559171
https://pdt.iuh.edu.vn/Uploads/e9f8b8bf-80f2-4424-a433-0c07a30a7c19_2026. PĐT 17a_Don de nghi xet TN dung han (co hinh_6.2026).pdf,https://pdt.iuh.edu.vn/bieu-mau-tot-nghiep,Phòng Đào tạo,duplicate_of:bbd2295af780
https://th.iuh.edu.vn/wp-content/uploads/2026/08/TN-Thang-10.2026.pdf,https://th.iuh.edu.vn/thong-bao/thong-bao-ke-hoach-xet-cong-nhan-tot-nghiep-bac-dai-hoc-dot-thang-10-nam-2026/,Cơ sở Thanh Hóa,duplicate_of:70fdd72527ae
https://fgd.iuh.edu.vn/wp-content/uploads/2025/03/1.-Educational-philosophy-CARE.pdf,https://fgd.iuh.edu.vn/vision-mission/,Khoa Công nghệ May - Thời trang,duplicate_of:5a19d6895f0a
https://iuh.edu.vn/Resource/Upload2/files/2023/08/01_Quy%20che%CC%82%CC%81%20co%CC%82ng%20ta%CC%81c%20sinh%20vie%CC%82n%20-%20na%CC%86m%202023%20-%20New.pdf,https://faet.iuh.edu.vn/news.html@detail@271@584@Cac-van-ban-danh-cho-Tan-sinh-vien-K20-nam-2024,Khoa Công nghệ Động lực,duplicate_of:c480ae1226c5
https://iuh.edu.vn/upload/files/2026/07/TB%20930.pdf,https://iuh.edu.vn/vi/thong-bao/thong-bao-nguong-dam-bao-chat-luong-dau-vao-tuyen-sinh-bac-dai-hoc-he-chinh-quy-nam-2026-2223.html,Trường (trang chính),duplicate_of:8c1639feb174
https://pdt.iuh.edu.vn/Uploads/ed7ee25b-7837-4811-a26f-3346b8af7c5f_TB20925.pdf,https://pdt.iuh.edu.vn/thoi-han-hoc-tap-tai-truong,Phòng Đào tạo,duplicate_of:1991eb238a01
https://iuh.edu.vn/Resource/Upload2/files/2023/08/02_1_Quy%20dinh%202017_%20%C4%91a%CC%81nh%20gia%CC%81%20ke%CC%82%CC%81t%20qua%CC%89%20re%CC%80n%20luye%CC%A3%CC%82n%20%202023%20-%20New.pdf,https://faet.iuh.edu.vn/news.html@detail@271@584@Cac-van-ban-danh-cho-Tan-sinh-vien-K20-nam-2024,Khoa Công nghệ Động lực,duplicate_of:473e10a91b56
https://pdt.iuh.edu.vn/Uploads/72c5f485-ba9a-4580-b50b-dc75b40a745a_7.-Ban-cam-ket-CC-TH-NN.pdf,https://fet.iuh.edu.vn/news.html@detail@264@974@THONG-BAO-VE-VIEC-NOP-DON-XET-CONG-NHAN-TOT-NGHIEP-DOT-THANG-10-NAM-2026,Khoa Công nghệ Điện tử,duplicate_of:131c597f9e34
https://qn.iuh.edu.vn/uploads/2025/08/TB-839.pdf,https://qn.iuh.edu.vn/lien-thong-dai-hoc/thong-bao-tuyen-sinh-lien-thong-tu-cao-dang-len-dai-hoc-dot-2-nam-2025/,Phân hiệu Quảng Ngãi,duplicate_of:d3ca869d00ef
https://iuh.edu.vn/Resource/Upload2/files/2023/08/03_1_Q%C4%90_2019%20no%CC%A3%CC%82i%20quy%20ho%CC%A3c%20%C4%91u%CC%9Bo%CC%9B%CC%80ng%20na%CC%86m%202023%20-%20New.pdf,https://faet.iuh.edu.vn/news.html@detail@271@584@Cac-van-ban-danh-cho-Tan-sinh-vien-K20-nam-2024,Khoa Công nghệ Động lực,duplicate_of:4e801b20fc0a
https://pdt.iuh.edu.vn/wp-content/uploads/2019/07/Canh-bao-ket-qua-hoc-tap-va-buoc-thoi-hoc.pdf,https://faet.iuh.edu.vn/news.html@detail@271@580@To-chuc-dao-tao,Khoa Công nghệ Động lực,not_pdf
https://iuh.edu.vn/upload/files/2026/08/TB-957-2026.pdf,https://iuh.edu.vn/vi/thong-bao/thong-bao-v-v-nghi-le-quoc-khanh-nam-2026-2232.html,Trường (trang chính),duplicate_of:af13828418a2
https://pdt.iuh.edu.vn/wp-content/uploads/2021/10/MAU-01.-Don-xin-xet-tot-nghiep-He-tin-chi.pdf,https://fet.iuh.edu.vn/news.html@detail@264@903@THONG-BAO-VE-VIEC-NOP-DON-XET-CONG-NHAN-TOT-NGHIEP-DOT-THANG-3-NAM-2026,Khoa Công nghệ Điện tử,not_pdf
https://ipe.iuh.edu.vn/uploads/2021/01/2020.08.19-QD1000_Quy-dinh-hoc-bong-thac-si-Ap-dung-tu-10B.pdf,https://ipe.iuh.edu.vn/vi/van-ban-tien-ich/quyet-dinh-ve-viec-ban-hanh-quy-dinh-chinh-sach-khuyen-khich-hoc-tap-trinh-do-thac-si/,Viện Đào tạo Quốc tế và Sau đại học,duplicate_of:e1cb27f7b908
https://pdt.iuh.edu.vn/Uploads/fa167153-49e0-4fc9-9183-fbadea6b675e_8.don_xin_cap_giay_hoc_het_ct.pdf,https://pdt.iuh.edu.vn/bieu-mau-tot-nghiep,Phòng Đào tạo,duplicate_of:b29f6d7278e3
https://iuh.edu.vn/Resource/Upload2/files/2023/08/04_1_Q%C4%90%202020%20-%20Quy%20ta%CC%86%CC%81c%20u%CC%9B%CC%81ng%20xu%CC%9B%CC%89%20cu%CC%89a%20ngu%CC%9Bo%CC%9B%CC%80i%20ho%CC%A3c%20na%CC%86m%202023%20-%20New.pdf,https://faet.iuh.edu.vn/news.html@detail@271@584@Cac-van-ban-danh-cho-Tan-sinh-vien-K20-nam-2024,Khoa Công nghệ Động lực,duplicate_of:349c775d2027
https://pdt.iuh.edu.vn/wp-content/uploads/2019/07/Chuyen-truong.pdf,https://faet.iuh.edu.vn/news.html@detail@271@580@To-chuc-dao-tao,Khoa Công nghệ Động lực,not_pdf
https://pdt.iuh.edu.vn/wp-content/uploads/2021/10/MAU-02.-Don-xin-XTN_TH-qua-thoi-han-hoc-tap.pdf,https://fet.iuh.edu.vn/news.html@detail@264@903@THONG-BAO-VE-VIEC-NOP-DON-XET-CONG-NHAN-TOT-NGHIEP-DOT-THANG-3-NAM-2026,Khoa Công nghệ Điện tử,not_pdf
https://fct.iuh.edu.vn/upload/files/tb-764-2025(1).pdf,"https://fct.iuh.edu.vn/news.html@detail@264@1142@Thong-bao-mo-lop-he,-nam-hoc-2024-2025",Khoa Thương mại - Du lịch,duplicate_of:e1a13b879168
https://flp.iuh.edu.vn/wp-content/uploads/2024/08/QuyTrinhNhapHocTongThe-1.pdf,https://flp.iuh.edu.vn/tin-noi-bat/huong-dan-quy-trinh-nhap-hoc-truc-tuyen-cho-tan-sinh-vien-khoa-20-nam-hoc-2024-2025/,Khoa Luật và Khoa học chính trị,duplicate_of:a566d0b4acf8
https://iuh.edu.vn/Resource/Upload2/files/2023/08/07-Ta%CC%82%CC%80m%20nhi%CC%80n%20-%20su%CC%9B%CC%81%20ma%CC%A3ng%20-%20%20mu%CC%A3c%20tie%CC%82u%20-%20chie%CC%82%CC%81n%20lu%CC%9Bo%CC%9B%CC%A3c%20-%20Q%C4%90%20966_2021.pdf,https://faet.iuh.edu.vn/news.html@detail@271@584@Cac-van-ban-danh-cho-Tan-sinh-vien-K20-nam-2024,Khoa Công nghệ Động lực,duplicate_of:c058e5b3f380
https://pdt.iuh.edu.vn/wp-content/uploads/2019/07/Dang-ky-nhap-hoc.pdf,https://faet.iuh.edu.vn/news.html@detail@271@580@To-chuc-dao-tao,Khoa Công nghệ Động lực,not_pdf
https://pdt.iuh.edu.vn/wp-content/uploads/2021/10/MAU-03.-Ban-cam-ket-CC-TH-NN.pdf,https://fet.iuh.edu.vn/news.html@detail@264@903@THONG-BAO-VE-VIEC-NOP-DON-XET-CONG-NHAN-TOT-NGHIEP-DOT-THANG-3-NAM-2026,Khoa Công nghệ Điện tử,not_pdf
https://flp.iuh.edu.vn/wp-content/uploads/2024/08/tb-855.pdf,https://flp.iuh.edu.vn/tin-noi-bat/thong-bao-ve-viec-to-chuc-le-be-giang-va-phat-bang-tot-nghiep-nam-2024/,Khoa Luật và Khoa học chính trị,duplicate_of:69dffa3d7082
https://qn.iuh.edu.vn/uploads/2025/09/TB889_2025_DHCN.pdf,https://qn.iuh.edu.vn/thong-bao-phong-tong-hop/thong-bao-v-v-sinh-vien-khoa-21-tham-gia-bao-hiem-y-te-thang-10-11-12-nam-2025/,Phân hiệu Quảng Ngãi,duplicate_of:70bba4f3a653
https://pdt.iuh.edu.vn/wp-content/uploads/2019/07/Dang-ky-va-rut-bot-hoc-phan.pdf,https://faet.iuh.edu.vn/news.html@detail@271@580@To-chuc-dao-tao,Khoa Công nghệ Động lực,not_pdf
https://iuh.edu.vn/Resource/Upload2/files/2023/08/05_Xu%CC%9B%CC%89%20ly%CC%81%20sinh%20vie%CC%82n%20su%CC%9B%CC%89%20du%CC%A3ng%20chu%CC%9B%CC%81ng%20chi%CC%89%20ngoa%CC%A3i%20ngu%CC%9B%CC%83%20tin%20ho%CC%A3c%20gia%CC%89.pdf,https://fet.iuh.edu.vn/news.html@detail@264@974@THONG-BAO-VE-VIEC-NOP-DON-XET-CONG-NHAN-TOT-NGHIEP-DOT-THANG-10-NAM-2026,Khoa Công nghệ Điện tử,duplicate_of:22af3b30b67b
https://iuh.edu.vn/upload/files/2026/08/TB-996-2026.pdf,https://iuh.edu.vn/vi/thong-bao/thong-bao-ke-hoach-xet-cong-nhan-tot-nghiep-bac-dai-hoc-dot-thang-10-nam-2026-2241.html,Trường (trang chính),duplicate_of:70fdd72527ae
https://qn.iuh.edu.vn/uploads/2025/10/tb-1797-2025-2025.pdf,https://qn.iuh.edu.vn/thong-bao-phong-tong-hop/thong-bao-v-v-dang-ky-hoc-phan-va-dong-hoc-phi-hoc-ky-ii-nam-hoc-2025-2026/,Phân hiệu Quảng Ngãi,duplicate_of:7dfe982a6aa2
https://pdt.iuh.edu.vn/wp-content/uploads/2019/07/Hoc-cung-luc-2-chuong-trinh-dao-tao.pdf,https://faet.iuh.edu.vn/news.html@detail@271@580@To-chuc-dao-tao,Khoa Công nghệ Động lực,not_pdf
https://ibf.iuh.edu.vn/wp-content/uploads/2025/08/Ke-hoach-du-kien-KLTN-K17.pdf,https://ibf.iuh.edu.vn/cong-nghe-thuc-pham/thong-bao-ke-hoach-thuc-hien-khoa-luan-tot-nghiep-k17/,Viện Công nghệ Sinh học và Thực phẩm,duplicate_of:197925fcf0aa
https://pdt.iuh.edu.vn/wp-content/uploads/2019/07/Tam-ngung-hoc_bao-luu.pdf,https://faet.iuh.edu.vn/news.html@detail@271@580@To-chuc-dao-tao,Khoa Công nghệ Động lực,not_pdf
https://ibf.iuh.edu.vn/wp-content/uploads/2025/08/PDF-HUONG-DAN-SV-TAI-PHU-LUC-VB-VB-DIEN-TU.pdf,https://ibf.iuh.edu.vn/thong-bao-sinh-vien/thong-bao-ve-viec-nhan-bang-tot-nghiep-thang-07-2025/,Viện Công nghệ Sinh học và Thực phẩm,duplicate_of:1b3c173fa900
https://pdt.iuh.edu.vn/wp-content/uploads/2019/07/To-chuc-lop-hoc.pdf,https://faet.iuh.edu.vn/news.html@detail@271@580@To-chuc-dao-tao,Khoa Công nghệ Động lực,not_pdf
https://smia.iuh.edu.vn/upload/files/Cong%20van%20h%E1%BB%8Dc%20b%E1%BB%95ng%20ICCR%20%E1%BA%A4n%20D%E1%BB%99%202020-21.pdf,"https://smia.iuh.edu.vn/news.html@detail@212@589@Thong-bao-Chuong-trinh-hoc-bong-An-Do-ICCR-2019,-2020",Phòng Quản lý khoa học và hợp tác quốc tế,duplicate_of:363a795bb5e4
https://pdt.iuh.edu.vn/wp-content/uploads/2019/07/Xep-hang-nam-dao-tao-va-hoc-luc.pdf,https://faet.iuh.edu.vn/news.html@detail@271@580@To-chuc-dao-tao,Khoa Công nghệ Động lực,not_pdf
https://flp.iuh.edu.vn/wp-content/uploads/2025/08/Hướng-dẫn-tải-PLVB-diện-tử.pdf,https://flp.iuh.edu.vn/tin-noi-bat/thong-bao-ve-viec-su-dung-phu-luc-van-bang-dien-tu/,Khoa Luật và Khoa học chính trị,duplicate_of:1b3c173fa900
https://qn.iuh.edu.vn/uploads/2026/03/qd-656-2026.pdf,https://qn.iuh.edu.vn/lien-thong-dai-hoc/quyet-dinh-ban-hanh-tien-do-dao-tao-nam-hoc-2026-2027/,Phân hiệu Quảng Ngãi,duplicate_of:5911d63d6351
https://ibf.iuh.edu.vn/wp-content/uploads/2025/11/PDF-HUONG-DAN-SV-TAI-PHU-LUC-VB-VB-DIEN-TU.pdf,https://ibf.iuh.edu.vn/thong-bao-sinh-vien/thong-bao-ve-viec-nhan-bang-tot-nghiep-thang-10-2025/,Viện Công nghệ Sinh học và Thực phẩm,duplicate_of:1b3c173fa900
https://iuh.edu.vn/upload/files/ISDEA%20%26%20MLCI%202026%20Agenda%20Overview.pdf,https://iuh.edu.vn/vi/su-kien/hoi-nghi-quoc-te-isdea-mlci-2026-hoi-nghi-lan-thu-5-ve-thiet-ke-va-ung-dung-he-thong-thong-minh-isdea-2026-va-hoi-nghi-quoc-te-ve-hoc-may-va-tri-tue-tinh-toan-mlci-2026-2170.html,Trường (trang chính),duplicate_of:ddca500c176b
https://qn.iuh.edu.vn/uploads/2026/04/867_Thongbao_tuyensinh_2026.pdf,https://qn.iuh.edu.vn/thong-bao/thong-bao-tuyen-sinh-dai-hoc-chinh-quy-nam-2026/,Phân hiệu Quảng Ngãi,duplicate_of:5dfcb0672f15
https://qn.iuh.edu.vn/uploads/2026/04/tb-83-2026.pdf,https://qn.iuh.edu.vn/lien-thong-dai-hoc/thong-bao-ke-hoach-xet-cong-nhan-tot-nghiep-bac-dai-hoc-dot-thang-7-nam-2026/,Phân hiệu Quảng Ngãi,duplicate_of:bf74c7b5f2f3
https://ibf.iuh.edu.vn/wp-content/uploads/2026/03/PDF-HUONG-DAN-SV-TAI-PHU-LUC-VB-VB-DIEN-TU.pdf,https://ibf.iuh.edu.vn/thong-bao-sinh-vien/thong-bao-ve-viec-nhan-bang-tot-nghiep-thang-03-2026/,Viện Công nghệ Sinh học và Thực phẩm,duplicate_of:1b3c173fa900
https://qn.iuh.edu.vn/uploads/2026/05/TB_Dang20ki20hoc20phan20HK1-nam20hoc202026-2027.pdf,https://qn.iuh.edu.vn/dai-hoc-chinh-quy/thong-bao-v-v-dang-ky-hoc-phan-va-dong-hoc-phi-hoc-ky-i-nam-hoc-2026-2027/,Phân hiệu Quảng Ngãi,duplicate_of:aed8312da9c5
https://ibf.iuh.edu.vn/wp-content/uploads/2026/05/Thong-bao-83-XTN.pdf,https://ibf.iuh.edu.vn/thong-bao-sinh-vien/vien-cong-nghe-sinh-hoc-thuc-pham-thong-bao-v-v-nhan-ho-so-xin-xet-tot-nghiep-dot-thang-7-nam-2026/,Viện Công nghệ Sinh học và Thực phẩm,duplicate_of:bf74c7b5f2f3
https://ipe.iuh.edu.vn/uploads/2021/07/0.1-0.2-De-cuong-on-tap-toan-cao-cap-toan-kinh-te.pdf,https://ipe.iuh.edu.vn/vi/on-thi-va-hoc-bskt/de-cuong-on-thi-tuyen-sinh-dao-tao-trinh-do-thac-si-dot-2-nam-2019/,Viện Đào tạo Quốc tế và Sau đại học,duplicate_of:e3a23317658e
https://ipe.iuh.edu.vn/uploads/2021/07/0.3-De-cuong-on-tap-toan-roi-rac.pdf,https://ipe.iuh.edu.vn/vi/on-thi-va-hoc-bskt/de-cuong-on-thi-tuyen-sinh-dao-tao-trinh-do-thac-si-dot-2-nam-2019/,Viện Đào tạo Quốc tế và Sau đại học,duplicate_of:870e1101708b
https://sfa.iuh.edu.vn/upload/files/CTDT%20TCNH%202024/DIEU%20KIEN%20TOT%20NGHIEP.pdf,https://sfa.iuh.edu.vn/news.html@detail@373@12922@Dieu-kien-tot-nghiep-nganh-Tai-doanh-nghiep-nam-2022,Viện Tài chính - Kế toán,duplicate_of:24bb1474d311
https://ibf.iuh.edu.vn/wp-content/uploads/2026/08/PDF-HUONG-DAN-SV-TAI-PHU-LUC-VB-VB-DIEN-TU-1.pdf,https://ibf.iuh.edu.vn/thong-bao-sinh-vien/thong-bao-nhan-bang-tot-nghiep-dot-xet-thang-07-nam-2026/,Viện Công nghệ Sinh học và Thực phẩm,duplicate_of:1b3c173fa900
https://qn.iuh.edu.vn/uploads/2026/07/TB20930.pdf,https://qn.iuh.edu.vn/dai-hoc-chinh-quy/thong-bao-nguong-dam-bao-chat-luong-dau-vao-tuyen-sinh-bac-dai-hoc-he-chinh-quy-nam-2026/,Phân hiệu Quảng Ngãi,duplicate_of:8c1639feb174
https://sfa.iuh.edu.vn/upload/files/DIEU%20KIEN%20TOT%20NGHIEP%20-%20KE%20TOAN.pdf,https://sfa.iuh.edu.vn/news.html@detail@315@12579@Dieu-kien-tot-nghiep-2022,Viện Tài chính - Kế toán,duplicate_of:816813917bac
https://ipe.iuh.edu.vn/uploads/2021/07/00.-De-cuong-on-tap-Tieng-Anh.pdf,https://ipe.iuh.edu.vn/vi/on-thi-va-hoc-bskt/de-cuong-on-thi-tuyen-sinh-dao-tao-trinh-do-thac-si-dot-2-nam-2019/,Viện Đào tạo Quốc tế và Sau đại học,duplicate_of:9ce9b2dddca0
https://ipe.iuh.edu.vn/uploads/2021/07/1.-De-cuong-on-tap-Quan-ly-moi-truong.pdf,https://ipe.iuh.edu.vn/vi/on-thi-va-hoc-bskt/de-cuong-on-thi-tuyen-sinh-dao-tao-trinh-do-thac-si-dot-2-nam-2019/,Viện Đào tạo Quốc tế và Sau đại học,duplicate_of:665666e7b71b
https://ibf.iuh.edu.vn/wp-content/uploads/2026/08/PDF-HUONG-DAN-SV-TAI-PHU-LUC-VB-VB-DIEN-TU.pdf,https://ibf.iuh.edu.vn/thong-bao-sinh-vien/thong-bao-nhan-bang-tot-nghiep-dot-xet-thang-07-nam-2026/,Viện Công nghệ Sinh học và Thực phẩm,duplicate_of:1b3c173fa900
https://sfa.iuh.edu.vn/upload/files/DIEU%20KIEN%20TOT%20NGHIEP%20-%20KIEM%20TOAN.pdf,https://sfa.iuh.edu.vn/news.html@detail@335@12581@Dieu-kien-tot-nghiep-nganh-Kiem-toan-2022,Viện Tài chính - Kế toán,duplicate_of:24bb1474d311
https://ipe.iuh.edu.vn/uploads/2021/07/10.-De-cuong-on-tap-Nguyen-ly-ke-toan.pdf,https://ipe.iuh.edu.vn/vi/on-thi-va-hoc-bskt/de-cuong-on-thi-tuyen-sinh-dao-tao-trinh-do-thac-si-dot-2-nam-2019/,Viện Đào tạo Quốc tế và Sau đại học,duplicate_of:4cf07e1c4439
https://qn.iuh.edu.vn/uploads/2026/08/HD-Mien-giam-hoc-phi-nam-hoc-2026-2027.pdf,https://qn.iuh.edu.vn/thong-bao/huong-dan-v-v-thuc-hien-chinh-sach-mien-giam-hoc-phi-va-ho-tro-chi-phi-hoc-tap-nam-hoc-2026-2027/,Phân hiệu Quảng Ngãi,duplicate_of:65a68c559171
https://ipe.iuh.edu.vn/uploads/2021/07/11.-De-cuong-on-tap-Quan-tri-hoc.pdf,https://ipe.iuh.edu.vn/vi/on-thi-va-hoc-bskt/de-cuong-on-thi-tuyen-sinh-dao-tao-trinh-do-thac-si-dot-2-nam-2019/,Viện Đào tạo Quốc tế và Sau đại học,duplicate_of:d488c68ea488
https://qn.iuh.edu.vn/uploads/2026/08/TB-957-2026.pdf,https://qn.iuh.edu.vn/thong-bao-phong-tong-hop/thong-bao-v-v-nghi-le-quoc-khanh-nam-2026/,Phân hiệu Quảng Ngãi,duplicate_of:af13828418a2
https://ipe.iuh.edu.vn/uploads/2021/07/3.-De-cuong-on-tap-Co-ky-thuat.pdf,https://ipe.iuh.edu.vn/vi/on-thi-va-hoc-bskt/de-cuong-on-thi-tuyen-sinh-dao-tao-trinh-do-thac-si-dot-2-nam-2019/,Viện Đào tạo Quốc tế và Sau đại học,duplicate_of:d4efa25b9d37
https://qn.iuh.edu.vn/uploads/2026/08/TB-972-2026.pdf,https://qn.iuh.edu.vn/thong-bao/thong-bao-diem-trung-tuyen-bac-dai-hoc-he-chinh-quy-nam-2026-tai-phan-hieu-quang-ngai/,Phân hiệu Quảng Ngãi,duplicate_of:c949b4c2b2ee
https://ipe.iuh.edu.vn/uploads/2021/07/4.-De-cuong-on-tap-Hoa-ly.pdf,https://ipe.iuh.edu.vn/vi/on-thi-va-hoc-bskt/de-cuong-on-thi-tuyen-sinh-dao-tao-trinh-do-thac-si-dot-2-nam-2019/,Viện Đào tạo Quốc tế và Sau đại học,duplicate_of:75beceb2c929
https://qn.iuh.edu.vn/uploads/2026/08/TB-996-2026.pdf,https://qn.iuh.edu.vn/thong-bao/thong-bao-ke-hoach-xet-cong-nhan-tot-nghiep-bac-dai-hoc-dot-thang-10-nam-2026/,Phân hiệu Quảng Ngãi,duplicate_of:70fdd72527ae
https://sfa.iuh.edu.vn/upload/files/1.Bia/PDT%2017a_Don%20de%20nghi%20xet%20TN%20dung%20han%20(co%20hinh_6_2026).pdf,https://ibf.iuh.edu.vn/thong-bao-sinh-vien/thong-bao-v-v-nhan-ho-so-xin-xet-tot-nghiep-dot-thang-10-nam-2026/,Viện Công nghệ Sinh học và Thực phẩm,duplicate_of:bbd2295af780
https://feet.iuh.edu.vn/upload/files/Ti%E1%BA%BFn%20d%E1%BB%99%20dao%20t%E1%BA%A1o.pdf,https://feet.iuh.edu.vn/news.html@detail@211@901@Chuong-trinh-dao-tao-Dai-hoc-nganh-cong-nghe-ky-thuat-dieu-khien-va%CC%80-tu%CC%A3-do%CC%A3ng-ho%CC%81a-nam-2022,Khoa Công nghệ Điện,duplicate_of:e1dbfb77bc8a
https://ipe.iuh.edu.vn/uploads/2021/07/5.-De-cuong-on-tap-Hoa-phan-tich.pdf,https://ipe.iuh.edu.vn/vi/on-thi-va-hoc-bskt/de-cuong-on-thi-tuyen-sinh-dao-tao-trinh-do-thac-si-dot-2-nam-2019/,Viện Đào tạo Quốc tế và Sau đại học,duplicate_of:3fe15d48139e
https://sfa.iuh.edu.vn/upload/files/Handbook/IUH%20Hanbook%202024.pdf,https://sfa.iuh.edu.vn/news.html@detail@388@13193@So-tay-sinh-vien-cua-IUH-nam-2024,Viện Tài chính - Kế toán,duplicate_of:deb62596f6c1
https://ipe.iuh.edu.vn/uploads/2021/07/6.-De-cuong-on-tap-Ly-thuyet-mach-dien.pdf,https://ipe.iuh.edu.vn/vi/on-thi-va-hoc-bskt/de-cuong-on-thi-tuyen-sinh-dao-tao-trinh-do-thac-si-dot-2-nam-2019/,Viện Đào tạo Quốc tế và Sau đại học,duplicate_of:79d4c1084b3b
https://qn.iuh.edu.vn/uploads/2026/09/TB-1034-2026.pdf,https://qn.iuh.edu.vn/thong-bao/thong-bao-v-v-sinh-vien-khoa-22-tham-gia-bao-hiem-y-te-thang-10-11-12-nam-2026/,Phân hiệu Quảng Ngãi,duplicate_of:cd1d5fd151b1
https://sfa.iuh.edu.vn/upload/files/1.Bia/PDT%2017b_Don%20de%20nghi%20xet%20TN%20qua%20han%20(co%20hinh_6_2026).pdf,https://ibf.iuh.edu.vn/thong-bao-sinh-vien/thong-bao-v-v-nhan-ho-so-xin-xet-tot-nghiep-dot-thang-10-nam-2026/,Viện Công nghệ Sinh học và Thực phẩm,duplicate_of:e2f7bcae3f92
https://ipe.iuh.edu.vn/uploads/2021/07/6.-De-cuong-on-tap-Mach-2.pdf,https://ipe.iuh.edu.vn/vi/on-thi-va-hoc-bskt/de-cuong-on-thi-tuyen-sinh-dao-tao-trinh-do-thac-si-dot-2-nam-2019/,Viện Đào tạo Quốc tế và Sau đại học,duplicate_of:004347e34de8
https://qn.iuh.edu.vn/uploads/2026/09/Thong-bao-HB.TS_K.22.pdf,https://qn.iuh.edu.vn/thong-bao/huong-dan-nop-ho-so-de-nghi-xet-cap-hoc-bong-tuyen-sinh-nam-hoc-2026-2027/,Phân hiệu Quảng Ngãi,duplicate_of:97b2adf43fee
https://smia.iuh.edu.vn/upload/files/bieumau/Quytrinh_Hoatdong_NCKH_SV_IUH_09-10-2017.pdf,https://smia.iuh.edu.vn/bieumau.html@p=2,Phòng Quản lý khoa học và hợp tác quốc tế,duplicate_of:29f7eb290abb
https://feet.iuh.edu.vn/upload/files/cap%20nhat%20thong%20tin.pdf,https://feet.iuh.edu.vn/news.html@detail@264@1556@Thong-bao-xet-tot-nghiep-dot-thang-10.2026,Khoa Công nghệ Điện,duplicate_of:460ef5fce3eb
https://ipe.iuh.edu.vn/uploads/2021/07/7.-De-cuong-on-tap-Mach-dien-tu.pdf,https://ipe.iuh.edu.vn/vi/on-thi-va-hoc-bskt/de-cuong-on-thi-tuyen-sinh-dao-tao-trinh-do-thac-si-dot-2-nam-2019/,Viện Đào tạo Quốc tế và Sau đại học,duplicate_of:9b884a6e083a
https://ipe.iuh.edu.vn/uploads/2021/07/8.-De-cuong-on-tap-Hoa-sinh-co-ban.pdf,https://ipe.iuh.edu.vn/vi/on-thi-va-hoc-bskt/de-cuong-on-thi-tuyen-sinh-dao-tao-trinh-do-thac-si-dot-2-nam-2019/,Viện Đào tạo Quốc tế và Sau đại học,duplicate_of:0d4069f96141
https://ipe.iuh.edu.vn/uploads/2021/07/8.-De-cuong-on-tap-Vi-sinh-co-ban.pdf,https://ipe.iuh.edu.vn/vi/on-thi-va-hoc-bskt/de-cuong-on-thi-tuyen-sinh-dao-tao-trinh-do-thac-si-dot-2-nam-2019/,Viện Đào tạo Quốc tế và Sau đại học,duplicate_of:817a300d6540
https://ipe.iuh.edu.vn/uploads/2021/07/9.-De-cuong-on-tap-Sinh-hoc-dai-cuong.pdf,https://ipe.iuh.edu.vn/vi/on-thi-va-hoc-bskt/de-cuong-on-thi-tuyen-sinh-dao-tao-trinh-do-thac-si-dot-2-nam-2019/,Viện Đào tạo Quốc tế và Sau đại học,duplicate_of:4d807db16a07
https://feet.iuh.edu.vn/upload/files/mau%20qua%20han.pdf,https://feet.iuh.edu.vn/news.html@detail@264@1556@Thong-bao-xet-tot-nghiep-dot-thang-10.2026,Khoa Công nghệ Điện,duplicate_of:8e5e9fb0aed7
https://fce.iuh.edu.vn/wp-content/uploads/2025/12/tb-1829-2025-20251209031436-e.pdf,https://fce.iuh.edu.vn/hoc-vu/thong-bao-nhan-ho-so-xin-xet-tot-nghiep-dot-thang-3-2026/,Khoa Công nghệ Hóa học,duplicate_of:ec18d32b9fed
https://fce.iuh.edu.vn/wp-content/uploads/2026/04/Thong-bao-83-XTN.pdf,https://fce.iuh.edu.vn/hoc-vu/thong-bao-nhan-ho-so-xin-xet-tot-nghiep-dot-7-2026/,Khoa Công nghệ Hóa học,duplicate_of:bf74c7b5f2f3
http://iuh.edu.vn/Resource/Upload2/files/documents/2018_bacongkhai/BieuMau_18C_KhoaThuongMaiDuLich.pdf,https://tqa.iuh.edu.vn/ba-cong-khai/ba-cong-khai-nam-hoc-2017-2018/,Phòng Khảo thí và Đảm bảo chất lượng,too_large
https://itc.iuh.edu.vn/upload/files/2_%20DS_CacDonViCap_ChungChi%20NN-TH(1).pdf?fbclid=IwY2xjawMwTz5leHRuA2FlbQIxMABicmlkETFJRTVmOU9EV3Q3WEpTQmtXAR5NbnaUiiVHPTmfC7o2nNaPoUIrBQpq6tlk6vwtawhf7aL7wKdmlT6ywbR6fA_aem_dXx6ooBQuP_qfw09vaNSGg,"https://feet.iuh.edu.vn/category.html@383@Quy-che,-quy-dinh-va-cac-thong-tin-lien-quan",Khoa Công nghệ Điện,duplicate_of:8e929900b505
https://fce.iuh.edu.vn/wp-content/uploads/2026/08/qd-2489-2026-QD-Danh-gia-diem-ren-luyen.pdf,https://fce.iuh.edu.vn/hoc-vu/quy-dinh-danh-gia-ket-qua-ren-luyen-doi-voi-sinh-vien-truong-dai-hoc-cong-nghiep-tp-hcm/,Khoa Công nghệ Hóa học,duplicate_of:3c87c646ea19
https://fme.iuh.edu.vn/wp-content/uploads/2026/06/2026.-PDT-17a_Don-de-nghi-xet-TN-dung-han-co-hinh_6.2026.pdf,https://fme.iuh.edu.vn/bieu-mau/bieu-mau-giai-quyet-hoc-vu-cho-sinh-vien/,Khoa Công nghệ Cơ khí,duplicate_of:bbd2295af780
https://fce.iuh.edu.vn/wp-content/uploads/2026/08/tb-996-2026-xet-TN-thang-10.pdf,https://fce.iuh.edu.vn/hoc-vu/thong-bao-nhan-ho-so-xin-xet-tot-nghiep-dot-thang-10-2026/,Khoa Công nghệ Hóa học,duplicate_of:70fdd72527ae
https://fme.iuh.edu.vn/wp-content/uploads/2026/06/2026.-PDT-17b_Don-de-nghi-xet-TN-qua-han-co-hinh_6.2026.pdf,https://fme.iuh.edu.vn/bieu-mau/bieu-mau-giai-quyet-hoc-vu-cho-sinh-vien/,Khoa Công nghệ Cơ khí,duplicate_of:e2f7bcae3f92
http://iuh.edu.vn/Resource/Upload2/files/documents/2018_bacongkhai/BieuMau_18E.pdf,https://tqa.iuh.edu.vn/ba-cong-khai/ba-cong-khai-nam-hoc-2017-2018/,Phòng Khảo thí và Đảm bảo chất lượng,too_large
https://fme.iuh.edu.vn/wp-content/uploads/2026/08/Quy-dinh-danh-gia-ren-luyen-ban-hanh-ngay-05.08.2026-1.pdf,https://fme.iuh.edu.vn/thong-bao-sinh-vien/thong-bao-v-v-ban-hanh-quy-dinh-danh-gia-ket-qua-ren-luyen-doi-voi-sinh-vien-truong-dai-hoc-cong-nghiep-tp-ho-chi-minh/,Khoa Công nghệ Cơ khí,duplicate_of:3c87c646ea19
https://ipe.iuh.edu.vn/uploads/2023/08/2023.08.10-tb-948-Tuyen-sinh-Tien-si-nam-2023-2.pdf,https://ipe.iuh.edu.vn/vi/thong-tin-tuyen-sinh/thong-bao-tuyen-sinh-dao-tao-trinh-do-tien-si-nam-2023-dot-2/,Viện Đào tạo Quốc tế và Sau đại học,duplicate_of:5833bf93d23a
http://iuh.edu.vn/Resource/Upload2/files/documents/2019_bacongkhai/02%20-%20BieuMau_17.pdf,https://tqa.iuh.edu.vn/ba-cong-khai/ba-cong-khai-nam-hoc-2018-2019/,Phòng Khảo thí và Đảm bảo chất lượng,too_large
https://media.iuh.edu.vn//Media/1_eOffice_IUH/EOffice/ThongBao/202512/Documents/quy-dinh-khoa-luan-tot-nghiep-thuc-tap-doanh-nghiep-iuh-20251215031732-e.pdf,https://fce.iuh.edu.vn/hoc-vu/quy-dinh-to-chuc-thuc-hien-hoc-phan-thuc-tap-doanh-nghiep-khoa-luan-tot-nghiep-tu-nam-hoc-2026-2027-tro-ve-sau/,Khoa Công nghệ Hóa học,disallowed
http://iuh.edu.vn/Resource/Upload2/files/documents/2019_bacongkhai/04-02%20-%20BieuMau_18C_KhoaCongNgheTT.pdf,https://tqa.iuh.edu.vn/ba-cong-khai/ba-cong-khai-nam-hoc-2018-2019/,Phòng Khảo thí và Đảm bảo chất lượng,too_large
https://ipe.iuh.edu.vn/uploads/2024/08/2024.08.01-TB-888-Tuyen-sinh-thac-si-2024-2-chung.pdf,https://ipe.iuh.edu.vn/vi/thong-tin-tuyen-sinh/thong-bao-tuyen-sinh-dao-tao-trinh-do-thac-si-nam-2024-dot-2/,Viện Đào tạo Quốc tế và Sau đại học,duplicate_of:eeafc5fc002d
http://iuh.edu.vn/Resource/Upload2/files/documents/2019_bacongkhai/04-05%20-%20BieuMau_18C_KhoaKeToanKiemToan.pdf,https://tqa.iuh.edu.vn/ba-cong-khai/ba-cong-khai-nam-hoc-2018-2019/,Phòng Khảo thí và Đảm bảo chất lượng,too_large
http://iuh.edu.vn/Resource/Upload2/files/documents/2019_bacongkhai/04-07%20-%20BieuMau_18C_KhoaTM_DuLich.pdf,https://tqa.iuh.edu.vn/ba-cong-khai/ba-cong-khai-nam-hoc-2018-2019/,Phòng Khảo thí và Đảm bảo chất lượng,too_large
https://ipe.iuh.edu.vn/uploads/2024/10/Thong-bao-chuong-trinh-TTS-Dai-Loan.pdf,https://ipe.iuh.edu.vn/vi/thong-bao/thong-bao-v-v-tuyen-chon-sinh-vien-di-thuc-tap-co-huong-luong-tai-dai-loan/,Viện Đào tạo Quốc tế và Sau đại học,duplicate_of:e749206cb9d3
https://ipe.iuh.edu.vn/uploads/2024/12/Tuyen-Daikyo-thang-6.7.pdf,https://ipe.iuh.edu.vn/vi/thong-bao/thong-bao-tien-cu-sinh-vien-di-thuc-tap-co-huong-luong-tai-nhat-ban-thang-6-7-va-8-nam-2025/,Viện Đào tạo Quốc tế và Sau đại học,duplicate_of:66eaad376d44
http://old.iuh.edu.vn/Resource/Upload/file/2014/20150903174015437.pdf,https://tqa.iuh.edu.vn/ba-cong-khai/ba-cong-khai-nam-hoc-2014-2015/,Phòng Khảo thí và Đảm bảo chất lượng,http_error: ConnectError
http://old.iuh.edu.vn/Resource/Upload/file/2014/3%20ccong%20nghe%20ky%20thuat%20moi%20truong.pdf,https://tqa.iuh.edu.vn/ba-cong-khai/ba-cong-khai-nam-hoc-2014-2015/,Phòng Khảo thí và Đảm bảo chất lượng,http_error: ConnectError
http://old.iuh.edu.vn/Resource/Upload/file/2014/3%20co%20dien%20tu.pdf,https://tqa.iuh.edu.vn/ba-cong-khai/ba-cong-khai-nam-hoc-2014-2015/,Phòng Khảo thí và Đảm bảo chất lượng,http_error: ConnectError
http://old.iuh.edu.vn/Resource/Upload/file/2014/3%20khmt%281%29.pdf,https://tqa.iuh.edu.vn/ba-cong-khai/ba-cong-khai-nam-hoc-2014-2015/,Phòng Khảo thí và Đảm bảo chất lượng,http_error: ConnectError
http://old.iuh.edu.vn/Resource/Upload/file/2014/3%20may.pdf,https://tqa.iuh.edu.vn/ba-cong-khai/ba-cong-khai-nam-hoc-2014-2015/,Phòng Khảo thí và Đảm bảo chất lượng,http_error: ConnectError
http://old.iuh.edu.vn/Resource/Upload/file/2014/3%20qua%20tri%20marketing.pdf,https://tqa.iuh.edu.vn/ba-cong-khai/ba-cong-khai-nam-hoc-2014-2015/,Phòng Khảo thí và Đảm bảo chất lượng,http_error: ConnectError
http://old.iuh.edu.vn/Resource/Upload/file/2014/3%20quan%20ly%20moi%20truong.pdf,https://tqa.iuh.edu.vn/ba-cong-khai/ba-cong-khai-nam-hoc-2014-2015/,Phòng Khảo thí và Đảm bảo chất lượng,http_error: ConnectError
http://old.iuh.edu.vn/Resource/Upload/file/2014/TB%20C%C3%B4ng%20khai%20%C4%90%E1%BB%99i%20ng%C5%A9%20GV%20c%C6%A1%20H%E1%BB%AFu%20-%20M%C3%A3u%2023.pdf,https://tqa.iuh.edu.vn/ba-cong-khai/ba-cong-khai-nam-hoc-2014-2015/,Phòng Khảo thí và Đảm bảo chất lượng,http_error: ConnectError
http://old.iuh.edu.vn/Resource/Upload/file/2014/TB%20C%C3%B4ng%20khai%20ch%E1%BA%A5t%20l%C6%B0%C6%A1ng%20%C4%90T-BMau%2021_%202.pdf,https://tqa.iuh.edu.vn/ba-cong-khai/ba-cong-khai-nam-hoc-2014-2015/,Phòng Khảo thí và Đảm bảo chất lượng,http_error: ConnectError
https://ipe.iuh.edu.vn/uploads/2025/03/TB-KSuTam-Viet-Oto-Hyogo.pdf,https://ipe.iuh.edu.vn/vi/thong-bao/thong-bao-v-v-tuyen-ky-su-di-lam-viec-tai-nhat-ban_sua-chua-bao-duong-o-to-than-vo-o-to-va-quan-ly-dao-tao-phong-van-thang-04-nam-2025/,Viện Đào tạo Quốc tế và Sau đại học,duplicate_of:70e1cbfc9477
http://old.iuh.edu.vn/Resource/Upload/file/2014/TB%20Cong%20khai%20CSVC%20-%20Bieu%20M%2022.pdf,https://tqa.iuh.edu.vn/ba-cong-khai/ba-cong-khai-nam-hoc-2014-2015/,Phòng Khảo thí và Đảm bảo chất lượng,http_error: ConnectError
http://iuh.edu.vn/Resource/Upload2/files/documents/2019_bacongkhai/09%20-%20BieuMau_18E_1.pdf,https://tqa.iuh.edu.vn/ba-cong-khai/ba-cong-khai-nam-hoc-2018-2019/,Phòng Khảo thí và Đảm bảo chất lượng,too_large
http://old.iuh.edu.vn/Resource/Upload/file/2014/Thongbao/Bieu%20tong%20hop%20TT%20cong%20khai%20cua%20SG%C4%90T_%201.pdf,https://tqa.iuh.edu.vn/ba-cong-khai/ba-cong-khai-nam-hoc-2014-2015/,Phòng Khảo thí và Đảm bảo chất lượng,http_error: ConnectError
http://old.iuh.edu.vn/Resource/Upload/file/2014/n%20%20Nhi%E1%BB%87t.pdf,https://tqa.iuh.edu.vn/ba-cong-khai/ba-cong-khai-nam-hoc-2014-2015/,Phòng Khảo thí và Đảm bảo chất lượng,http_error: ConnectError
http://old.iuh.edu.vn/Resource/Upload/file/2014/n%20C%C3%B4ng%20ngh%E1%BB%87%20Sinh%20h%E1%BB%8Dc.pdf,https://tqa.iuh.edu.vn/ba-cong-khai/ba-cong-khai-nam-hoc-2014-2015/,Phòng Khảo thí và Đảm bảo chất lượng,http_error: ConnectError
http://old.iuh.edu.vn/Resource/Upload/file/2014/n%20C%C3%B4ng%20ngh%E1%BB%87%20Th%E1%BB%B1c%20ph%E1%BA%A9m.pdf,https://tqa.iuh.edu.vn/ba-cong-khai/ba-cong-khai-nam-hoc-2014-2015/,Phòng Khảo thí và Đảm bảo chất lượng,http_error: ConnectError
http://old.iuh.edu.vn/Resource/Upload/file/2014/n%20K%E1%BA%BF%20to%C3%A1n.pdf,https://tqa.iuh.edu.vn/ba-cong-khai/ba-cong-khai-nam-hoc-2014-2015/,Phòng Khảo thí và Đảm bảo chất lượng,http_error: ConnectError
http://old.iuh.edu.vn/Resource/Upload/file/2014/n%20Ng%C3%B4n%20ng%C6%B0%20Anh.pdf,https://tqa.iuh.edu.vn/ba-cong-khai/ba-cong-khai-nam-hoc-2014-2015/,Phòng Khảo thí và Đảm bảo chất lượng,http_error: ConnectError
http://old.iuh.edu.vn/Resource/Upload/file/2014/n%20Qu%E1%BA%A3n%20tr%E1%BB%8B%20Kinh%20doanh%20R.pdf,https://tqa.iuh.edu.vn/ba-cong-khai/ba-cong-khai-nam-hoc-2014-2015/,Phòng Khảo thí và Đảm bảo chất lượng,http_error: ConnectError
http://old.iuh.edu.vn/Resource/Upload/file/2014/n%20T%C3%A0i%20Chinh%20-%20Ng%C3%A2n%20h%C3%A0ng.pdf,https://tqa.iuh.edu.vn/ba-cong-khai/ba-cong-khai-nam-hoc-2014-2015/,Phòng Khảo thí và Đảm bảo chất lượng,http_error: ConnectError
https://iuh.edu.vn/Resource/Upload2/files/2023/ba-cong-khai/BieuMau_17.pdf,https://tqa.iuh.edu.vn/ba-cong-khai/ba-cong-khai-nam-hoc-2021-2022/,Phòng Khảo thí và Đảm bảo chất lượng,too_large
http://old.iuh.edu.vn/Resource/Upload/file/2014/n%20Th%C6%B0%C6%A1ng%20m%E1%BA%A1i%20%C4%90i%E1%BB%87n%20t%E1%BB%AD%20R.pdf,https://tqa.iuh.edu.vn/ba-cong-khai/ba-cong-khai-nam-hoc-2014-2015/,Phòng Khảo thí và Đảm bảo chất lượng,http_error: ConnectError
https://iuh.edu.vn/Resource/Upload2/files/2023/ba-cong-khai/BieuMau_18C_CNTT.pdf,https://tqa.iuh.edu.vn/ba-cong-khai/ba-cong-khai-nam-hoc-2021-2022/,Phòng Khảo thí và Đảm bảo chất lượng,too_large
http://old.iuh.edu.vn/Resource/Upload/file/2014/n%20co%20khi.pdf,https://tqa.iuh.edu.vn/ba-cong-khai/ba-cong-khai-nam-hoc-2014-2015/,Phòng Khảo thí và Đảm bảo chất lượng,http_error: ConnectError
http://old.iuh.edu.vn/Resource/Upload/file/2014/n%20dien%20dien%20tu.pdf,https://tqa.iuh.edu.vn/ba-cong-khai/ba-cong-khai-nam-hoc-2014-2015/,Phòng Khảo thí và Đảm bảo chất lượng,http_error: ConnectError
http://old.iuh.edu.vn/Resource/Upload/file/2014/n%20dien%20tu%20vien%20thong.pdf,https://tqa.iuh.edu.vn/ba-cong-khai/ba-cong-khai-nam-hoc-2014-2015/,Phòng Khảo thí và Đảm bảo chất lượng,http_error: ConnectError
http://old.iuh.edu.vn/Resource/Upload/file/2014/n%20hoa%20hoc.pdf,https://tqa.iuh.edu.vn/ba-cong-khai/ba-cong-khai-nam-hoc-2014-2015/,Phòng Khảo thí và Đảm bảo chất lượng,http_error: ConnectError
https://ipe.iuh.edu.vn/uploads/2025/12/202511300938.pdf,https://ipe.iuh.edu.vn/vi/ket-qua-tuyen-sinh/quyet-dinh-cong-nhan-thi-sinh-trung-tuyen-ky-tuyen-sinh-dao-tao-trinh-do-thac-si-dot-2-nam-2025/,Viện Đào tạo Quốc tế và Sau đại học,duplicate_of:d9c0dce3645d
http://old.iuh.edu.vn/Resource/Upload/file/2014/n%20o%20to.pdf,https://tqa.iuh.edu.vn/ba-cong-khai/ba-cong-khai-nam-hoc-2014-2015/,Phòng Khảo thí và Đảm bảo chất lượng,http_error: ConnectError
https://iuh.edu.vn/Resource/Upload2/files/2023/ba-cong-khai/BieuMau_18C_KhoaQTKD.pdf,https://tqa.iuh.edu.vn/ba-cong-khai/ba-cong-khai-nam-hoc-2021-2022/,Phòng Khảo thí và Đảm bảo chất lượng,too_large
https://iuh.edu.vn/Resource/Upload2/files/2023/ba-cong-khai/BieuMau_18C_KhoaTMDL.pdf,https://tqa.iuh.edu.vn/ba-cong-khai/ba-cong-khai-nam-hoc-2021-2022/,Phòng Khảo thí và Đảm bảo chất lượng,too_large
https://iuh.edu.vn/Resource/Upload2/files/2023/ba-cong-khai/BieuMau_18C_VienMoiTruong.pdf,https://tqa.iuh.edu.vn/ba-cong-khai/ba-cong-khai-nam-hoc-2021-2022/,Phòng Khảo thí và Đảm bảo chất lượng,too_large
https://iuh.edu.vn/Resource/Upload2/files/2023/ba-cong-khai/BieuMau_18C_VienSHTP.pdf,https://tqa.iuh.edu.vn/ba-cong-khai/ba-cong-khai-nam-hoc-2021-2022/,Phòng Khảo thí và Đảm bảo chất lượng,too_large
https://iuh.edu.vn/Resource/Upload2/files/2023/ba-cong-khai/BieuMau_18E.pdf,https://tqa.iuh.edu.vn/ba-cong-khai/ba-cong-khai-nam-hoc-2021-2022/,Phòng Khảo thí và Đảm bảo chất lượng,too_large
https://iuh.edu.vn/Resource/Upload2/files/ba-cong-khai/2022-2023/Bieu_17.pdf,https://tqa.iuh.edu.vn/ba-cong-khai/ba-cong-khai-nam-hoc-2022-2023/,Phòng Khảo thí và Đảm bảo chất lượng,too_large
https://iuh.edu.vn/Resource/Upload2/files/ba-cong-khai/2022-2023/Bieu_18C_KhoaCoKhi.pdf,https://tqa.iuh.edu.vn/ba-cong-khai/ba-cong-khai-nam-hoc-2022-2023/,Phòng Khảo thí và Đảm bảo chất lượng,too_large
https://iuh.edu.vn/Resource/Upload2/files/ba-cong-khai/2022-2023/Bieu_18C_KhoaCongNgheThongTin.pdf,https://tqa.iuh.edu.vn/ba-cong-khai/ba-cong-khai-nam-hoc-2022-2023/,Phòng Khảo thí và Đảm bảo chất lượng,too_large
https://iuh.edu.vn/Resource/Upload2/files/ba-cong-khai/2022-2023/Bieu_18C_KhoaDien.pdf,https://tqa.iuh.edu.vn/ba-cong-khai/ba-cong-khai-nam-hoc-2022-2023/,Phòng Khảo thí và Đảm bảo chất lượng,too_large
https://iuh.edu.vn/Resource/Upload2/files/ba-cong-khai/2022-2023/Bieu_18C_KhoaDienTu.pdf,https://tqa.iuh.edu.vn/ba-cong-khai/ba-cong-khai-nam-hoc-2022-2023/,Phòng Khảo thí và Đảm bảo chất lượng,too_large
https://iuh.edu.vn/Resource/Upload2/files/ba-cong-khai/2022-2023/Bieu_18C_KhoaHoaHoc.pdf,https://tqa.iuh.edu.vn/ba-cong-khai/ba-cong-khai-nam-hoc-2022-2023/,Phòng Khảo thí và Đảm bảo chất lượng,too_large
https://iuh.edu.vn/Resource/Upload2/files/ba-cong-khai/2022-2023/Bieu_18C_KhoaKeToanKiemToan.pdf,https://tqa.iuh.edu.vn/ba-cong-khai/ba-cong-khai-nam-hoc-2022-2023/,Phòng Khảo thí và Đảm bảo chất lượng,too_large
https://iuh.edu.vn/Resource/Upload2/files/ba-cong-khai/2022-2023/Bieu_18C_KhoaQuanTriKinhDoanh.pdf,https://tqa.iuh.edu.vn/ba-cong-khai/ba-cong-khai-nam-hoc-2022-2023/,Phòng Khảo thí và Đảm bảo chất lượng,too_large
https://iuh.edu.vn/Resource/Upload2/files/ba-cong-khai/2022-2023/Bieu_18C_KhoaThuongMaiDuLich.pdf,https://tqa.iuh.edu.vn/ba-cong-khai/ba-cong-khai-nam-hoc-2022-2023/,Phòng Khảo thí và Đảm bảo chất lượng,too_large
https://iuh.edu.vn/Resource/Upload2/files/ba-cong-khai/2022-2023/Bieu_18C_VienQuanLyTaiNguyenMoiTruong.pdf,https://tqa.iuh.edu.vn/ba-cong-khai/ba-cong-khai-nam-hoc-2022-2023/,Phòng Khảo thí và Đảm bảo chất lượng,too_large
https://iuh.edu.vn/Resource/Upload2/files/ba-cong-khai/2022-2023/Bieu_18C_VienSinhHocThucPham.pdf,https://tqa.iuh.edu.vn/ba-cong-khai/ba-cong-khai-nam-hoc-2022-2023/,Phòng Khảo thí và Đảm bảo chất lượng,too_large
https://iuh.edu.vn/Resource/Upload2/files/ba-cong-khai/2022-2023/Bieu_18D.pdf,https://tqa.iuh.edu.vn/ba-cong-khai/ba-cong-khai-nam-hoc-2022-2023/,Phòng Khảo thí và Đảm bảo chất lượng,too_large
https://iuh.edu.vn/Resource/Upload2/files/ba-cong-khai/2022-2023/Bieu_18E.pdf,https://tqa.iuh.edu.vn/ba-cong-khai/ba-cong-khai-nam-hoc-2022-2023/,Phòng Khảo thí và Đảm bảo chất lượng,too_large
https://tqa.iuh.edu.vn/wp-content/uploads/2022/10/QĐ_1346-QC-quan-ly-cong-tac-thi-và-ket-qua-hoc-tap-2021.pdf,https://tqa.iuh.edu.vn/thong-bao/quy-che-quan-ly-cong-tac-thi-va-danh-gia-ket-qua-hoc-tap-cua-truong-dai-hoc-cong-nghiep-thanh-pho-ho-chi-minh/,Phòng Khảo thí và Đảm bảo chất lượng,duplicate_of:a51751a9903d
https://tqa.iuh.edu.vn/wp-content/uploads/2022/11/Bieu-tong-hop.pdf,https://tqa.iuh.edu.vn/ba-cong-khai/ba-cong-khai-nam-2020-2021/,Phòng Khảo thí và Đảm bảo chất lượng,duplicate_of:5a2cf6faf0ff
https://tqa.iuh.edu.vn/wp-content/uploads/2024/09/3.-Ke-hoach-khao-sat-cac-ben-lien-quan-nam-hoc-2021-2022.pdf,https://tqa.iuh.edu.vn/thong-bao/ke-hoach-khao-sat-cac-ben-lien-quan-nam-hoc-2021-2022-2/,Phòng Khảo thí và Đảm bảo chất lượng,duplicate_of:56ec6867742a
https://tqa.iuh.edu.vn/wp-content/uploads/2024/09/KE-HOACH-KHAO-SAT-CAC-BEN-LIEN-QUAN-2023-2024-1.pdf,https://tqa.iuh.edu.vn/survey-plan/stakeholders-survey-plans-for-the-academic-year-of-2023-2024-2/,Phòng Khảo thí và Đảm bảo chất lượng,duplicate_of:084f701f20dc
https://tqa.iuh.edu.vn/wp-content/uploads/2024/09/KE-HOACH-KHAO-SAT-CAC-BEN-LIEN-QUAN_2024-2025.pdf,https://tqa.iuh.edu.vn/survey-plan/stakeholders-survey-plans-for-the-academic-year-of-2024-2025/,Phòng Khảo thí và Đảm bảo chất lượng,duplicate_of:97a5bd902408
https://tqa.iuh.edu.vn/wp-content/uploads/2024/09/KH-khao-sat-2022-2023.pdf,https://tqa.iuh.edu.vn/survey-plan/stakeholders-survey-plans-for-the-academic-year-of-2020-2021-2/,Phòng Khảo thí và Đảm bảo chất lượng,duplicate_of:63dc955d283f
https://tqa.iuh.edu.vn/wp-content/uploads/2024/09/So-tay-sinh-vien-IUH-2024-2.pdf,https://tqa.iuh.edu.vn/thong-bao/so-tay-sinh-vien-cua-iuh-nam-2024/,Phòng Khảo thí và Đảm bảo chất lượng,duplicate_of:deb62596f6c1
https://tqa.iuh.edu.vn/wp-content/uploads/2025/08/Ke-hoach-khao-sat-2025-2026.pdf,https://tqa.iuh.edu.vn/thong-bao/ke-hoach-khao-sat-cac-ben-lien-quan-nam-hoc-2024-2025/,Phòng Khảo thí và Đảm bảo chất lượng,duplicate_of:f56a09f63f9d
https://tqa.iuh.edu.vn/wp-content/uploads/2021/09/IUH-SAR-EETC-2018.pdf,https://tqa.iuh.edu.vn/ket-qua-va-bao-cao-sar/,Phòng Khảo thí và Đảm bảo chất lượng,unreadable
https://tqa.iuh.edu.vn/wp-content/uploads/2021/09/SAR-for-BOA.pdf,https://tqa.iuh.edu.vn/ket-qua-va-bao-cao-sar/,Phòng Khảo thí và Đảm bảo chất lượng,unreadable
https://tqa.iuh.edu.vn/wp-content/uploads/2021/09/SAR-Automotive-Engineering-Technology.pdf,https://tqa.iuh.edu.vn/ket-qua-va-bao-cao-sar/,Phòng Khảo thí và Đảm bảo chất lượng,unreadable
https://tqa.iuh.edu.vn/wp-content/uploads/2021/09/Bachelor-of-Business-Administration.pdf,https://tqa.iuh.edu.vn/ket-qua-va-bao-cao-sar/,Phòng Khảo thí và Đảm bảo chất lượng,unreadable
https://tqa.iuh.edu.vn/wp-content/uploads/2021/09/IUH-SAR-EET-Programme-2018.pdf,https://tqa.iuh.edu.vn/ket-qua-va-bao-cao-sar/,Phòng Khảo thí và Đảm bảo chất lượng,unreadable
https://tqa.iuh.edu.vn/wp-content/uploads/2021/09/Bachelor-in-English-Language.pdf,https://tqa.iuh.edu.vn/ket-qua-va-bao-cao-sar/,Phòng Khảo thí và Đảm bảo chất lượng,unreadable
https://tqa.iuh.edu.vn/wp-content/uploads/2021/09/Bachelor-of-Engineering-in-Chemical-Engineering.pdf,https://tqa.iuh.edu.vn/ket-qua-va-bao-cao-sar/,Phòng Khảo thí và Đảm bảo chất lượng,unreadable
https://tqa.iuh.edu.vn/wp-content/uploads/2021/09/Bachelor-of-Accounting.pdf,https://tqa.iuh.edu.vn/ket-qua-va-bao-cao-sar/,Phòng Khảo thí và Đảm bảo chất lượng,unreadable
https://tqa.iuh.edu.vn/wp-content/uploads/2021/09/SAR-for-BEL.pdf,https://tqa.iuh.edu.vn/ket-qua-va-bao-cao-sar/,Phòng Khảo thí và Đảm bảo chất lượng,unreadable
https://tqa.iuh.edu.vn/wp-content/uploads/2021/09/01-IUH-SAR-Chemical-Engineering-2018.pdf,https://tqa.iuh.edu.vn/ket-qua-va-bao-cao-sar/,Phòng Khảo thí và Đảm bảo chất lượng,unreadable
https://tqa.iuh.edu.vn/wp-content/uploads/2021/09/Bachelor-of-Engineering-in-Environmental-Engineering-Technology.pdf,https://tqa.iuh.edu.vn/ket-qua-va-bao-cao-sar/,Phòng Khảo thí và Đảm bảo chất lượng,unreadable
https://tqa.iuh.edu.vn/wp-content/uploads/2021/09/SAR-for-BA.pdf,https://tqa.iuh.edu.vn/ket-qua-va-bao-cao-sar/,Phòng Khảo thí và Đảm bảo chất lượng,unreadable
https://tqa.iuh.edu.vn/wp-content/uploads/2021/09/01-IUH-SAR-EEET-2018.pdf,https://tqa.iuh.edu.vn/ket-qua-va-bao-cao-sar/,Phòng Khảo thí và Đảm bảo chất lượng,unreadable
https://tqa.iuh.edu.vn/wp-content/uploads/2021/09/Bachelor-of-Engineering-in-Automotive-Engineering-Technology.pdf,https://tqa.iuh.edu.vn/ket-qua-va-bao-cao-sar/,Phòng Khảo thí và Đảm bảo chất lượng,unreadable
https://tqa.iuh.edu.vn/wp-content/uploads/2021/09/Bachelor-of-Engineering-in-Electrical-and-Electronics-Engineering-Technology.pdf,https://tqa.iuh.edu.vn/ket-qua-va-bao-cao-sar/,Phòng Khảo thí và Đảm bảo chất lượng,unreadable
https://tqa.iuh.edu.vn/wp-content/uploads/2021/09/Bachelor-of-Engineering-in-Electronic-Engineering-Technology-Communications.pdf,https://tqa.iuh.edu.vn/ket-qua-va-bao-cao-sar/,Phòng Khảo thí và Đảm bảo chất lượng,unreadable
